RUN_TIMESTAMP,MODE,AUDIT_RUN_ID,CSV_ROW,PART_NUMBER,REVISION,TARGET_IDENTIFIER,CSV_COLUMN,LOGICAL_ATTRIBUTE,CATEGORY,NX_ATTRIBUTE_NAME,NX_ATTRIBUTE_TYPE,BASELINE_VALUE,ACTUAL_CURRENT_VALUE,EXPECTED_VALUE,APPROVED,ENGINEER,ACTION,CHECKOUT_BEFORE,CHECKOUT_ACTION,CHECKOUT_RESULT,READ_ONLY_BEFORE,READ_ONLY_AFTER,WRITE_ATTEMPTED,ROLLBACK_RESULT,REREAD_VALUE,VERIFICATION_RESULT,SAVE_RESULT,NX_EXCEPTION_TYPE,NX_ERROR_CODE,MESSAGE
2026-08-12T01:04:25,APPLY_APPROVED,DB_264MN032706A01_A_20260811_232337,2,264MN032706A01,A,@DB/264MN032706A01/A,UOM,uom,WAEItem,Unit_Of_Measure,String,,,ea,YES,AQIL,BATCH_ABORTED_CHECKOUT,CHECKED_OUT,NONE,ALREADY_CHECKED_OUT,False,False,NO,,,,NOT_ATTEMPTED,,,Another target failed checkout; no attributes were changed. This target remains checked out.
2026-08-12T01:04:25,APPLY_APPROVED,DB_264MN032706A01_A_20260811_232337,2,264MN032706A01,A,@DB/264MN032706A01/A,Mfr. Name,manufacturer,WAEItem,MFG,String,,,CELESTICA,YES,AQIL,BATCH_ABORTED_CHECKOUT,CHECKED_OUT,NONE,ALREADY_CHECKED_OUT,False,False,NO,,,,NOT_ATTEMPTED,,,Another target failed checkout; no attributes were changed. This target remains checked out.
2026-08-12T01:04:25,APPLY_APPROVED,DB_264MN032706A01_A_20260811_232337,2,264MN032706A01,A,@DB/264MN032706A01/A,Mfr. Part Number,manufacturer_part_number,WAEItem,MPN,String,,,264MN032706A01,YES,AQIL,BATCH_ABORTED_CHECKOUT,CHECKED_OUT,NONE,ALREADY_CHECKED_OUT,False,False,NO,,,,NOT_ATTEMPTED,,,Another target failed checkout; no attributes were changed. This target remains checked out.
2026-08-12T01:04:25,APPLY_APPROVED,DB_264MN032706A01_A_20260811_232337,2,264MN032706A01,A,@DB/264MN032706A01/A,Reference Notes,stocking_type,WAEItem,Stocking_Type,String,,,MAKE,YES,AQIL,BATCH_ABORTED_CHECKOUT,CHECKED_OUT,NONE,ALREADY_CHECKED_OUT,False,False,NO,,,,NOT_ATTEMPTED,,,Another target failed checkout; no attributes were changed. This target remains checked out.
2026-08-12T01:04:25,APPLY_APPROVED,DB_264MN032706A01_A_20260811_232337,2,264MN032706A01,A,@DB/264MN032706A01/A,WAE_VERSION,wae_version,WAEItem,WAE_VERSION,String,,,1,YES,AQIL,BATCH_ABORTED_CHECKOUT,CHECKED_OUT,NONE,ALREADY_CHECKED_OUT,False,False,NO,,,,NOT_ATTEMPTED,,,Another target failed checkout; no attributes were changed. This target remains checked out.
2026-08-12T01:04:25,APPLY_APPROVED,DB_264MN032706A01_A_20260811_232337,2,264MN032706A01,A,@DB/264MN032706A01/A,NX_FINISH,finish,WAEItem,NX_FINISH,String,,,N/A,YES,AQIL,BATCH_ABORTED_CHECKOUT,CHECKED_OUT,NONE,ALREADY_CHECKED_OUT,False,False,NO,,,,NOT_ATTEMPTED,,,Another target failed checkout; no attributes were changed. This target remains checked out.
2026-08-12T01:04:25,APPLY_APPROVED,DB_264MN032706A01_A_20260811_232337,2,264MN032706A01,A,@DB/264MN032706A01/A,COMPONENT_CLASS,component_class,WAEItem,COMPONENT_CLASS,String,,,A,YES,AQIL,BATCH_ABORTED_CHECKOUT,CHECKED_OUT,NONE,ALREADY_CHECKED_OUT,False,False,NO,,,,NOT_ATTEMPTED,,,Another target failed checkout; no attributes were changed. This target remains checked out.
2026-08-12T01:04:25,APPLY_APPROVED,DB_264MN032706A01_A_20260811_232337,2,264MN032706A01,A,@DB/264MN032706A01/A,LIFED,shelf_life_limited,WAEItem,LIFED,String,,,N,YES,AQIL,BATCH_ABORTED_CHECKOUT,CHECKED_OUT,NONE,ALREADY_CHECKED_OUT,False,False,NO,,,,NOT_ATTEMPTED,,,Another target failed checkout; no attributes were changed. This target remains checked out.
2026-08-12T01:04:25,APPLY_APPROVED,DB_264MN032706A01_A_20260811_232337,2,264MN032706A01,A,@DB/264MN032706A01/A,SERIAL_NUMBERED_PART,traceability,WAEItem,SERIAL_NUMBERED_PART,String,,,BATCH,YES,AQIL,BATCH_ABORTED_CHECKOUT,CHECKED_OUT,NONE,ALREADY_CHECKED_OUT,False,False,NO,,,,NOT_ATTEMPTED,,,Another target failed checkout; no attributes were changed. This target remains checked out.
2026-08-12T01:04:25,APPLY_APPROVED,DB_264MN032706A01_A_20260811_232337,2,264MN032706A01,A,@DB/264MN032706A01/A,Temperature_Sensitive,temperature_sensitive,WAEItem,Temperature_Sensitive,String,,,N,YES,AQIL,BATCH_ABORTED_CHECKOUT,CHECKED_OUT,NONE,ALREADY_CHECKED_OUT,False,False,NO,,,,NOT_ATTEMPTED,,,Another target failed checkout; no attributes were changed. This target remains checked out.
2026-08-12T01:04:25,APPLY_APPROVED,DB_264MN032706A01_A_20260811_232337,2,264MN032706A01,A,@DB/264MN032706A01/A,Hazardous,hazardous,WAEItem,WAE_Hazardous,String,,,N,YES,AQIL,BATCH_ABORTED_CHECKOUT,CHECKED_OUT,NONE,ALREADY_CHECKED_OUT,False,False,NO,,,,NOT_ATTEMPTED,,,Another target failed checkout; no attributes were changed. This target remains checked out.
2026-08-12T01:04:25,APPLY_APPROVED,DB_264MN032706A01_A_20260811_232337,2,264MN032706A01,A,@DB/264MN032706A01/A,COMMODITYTYPE,commodity_type,WAEItem,COMMODITYTYPE,String,,,TBC,YES,AQIL,BATCH_ABORTED_CHECKOUT,CHECKED_OUT,NONE,ALREADY_CHECKED_OUT,False,False,NO,,,,NOT_ATTEMPTED,,,Another target failed checkout; no attributes were changed. This target remains checked out.
2026-08-12T01:04:25,APPLY_APPROVED,DB_264MN032706A01_A_20260811_232337,2,264MN032706A01,A,@DB/264MN032706A01/A,Commodity_Code,commodity_code,WAEItem,Commodity_Code,String,,,TBC,YES,AQIL,BATCH_ABORTED_CHECKOUT,CHECKED_OUT,NONE,ALREADY_CHECKED_OUT,False,False,NO,,,,NOT_ATTEMPTED,,,Another target failed checkout; no attributes were changed. This target remains checked out.
2026-08-12T01:04:25,APPLY_APPROVED,DB_264MN032706A01_A_20260811_232337,2,264MN032706A01,A,@DB/264MN032706A01/A,Serviceable_item_flag,serviceable_item,WAEItem,Serviceable_item_flag,String,,,TBC,YES,AQIL,BATCH_ABORTED_CHECKOUT,CHECKED_OUT,NONE,ALREADY_CHECKED_OUT,False,False,NO,,,,NOT_ATTEMPTED,,,Another target failed checkout; no attributes were changed. This target remains checked out.
2026-08-12T01:04:25,APPLY_APPROVED,DB_264MN032706A01_A_20260811_232337,2,264MN032706A01,A,@DB/264MN032706A01/A,Export_Control_Number,export_control_number,WAEItem,Export_Control_Number,String,,,TBC,YES,AQIL,BATCH_ABORTED_CHECKOUT,CHECKED_OUT,NONE,ALREADY_CHECKED_OUT,False,False,NO,,,,NOT_ATTEMPTED,,,Another target failed checkout; no attributes were changed. This target remains checked out.
2026-08-12T01:04:25,APPLY_APPROVED,DB_264MN032706A01_A_20260811_232337,2,264MN032706A01,A,@DB/264MN032706A01/A,Country_of_Origin,country_of_origin,WAEItem,Country_of_Origin,String,,,TBC,YES,AQIL,BATCH_ABORTED_CHECKOUT,CHECKED_OUT,NONE,ALREADY_CHECKED_OUT,False,False,NO,,,,NOT_ATTEMPTED,,,Another target failed checkout; no attributes were changed. This target remains checked out.
2026-08-12T01:04:25,APPLY_APPROVED,DB_264MN032706A01_A_20260811_232337,3,264MN028725A01,A,@DB/264MN028725A01/A,WAE_VERSION,wae_version,WAEItem,WAE_VERSION,String,,,2,YES,AQIL,CHECKOUT_FAILED,CHECKED_OUT,NONE,FAILED,True,True,NO,,,,NOT_ATTEMPTED,,,Target is checked out but remains read-only. Checkout user: danial aiman (2dcf952ea3164c298d5cfa65ae36550e)
2026-08-12T01:04:25,APPLY_APPROVED,DB_264MN032706A01_A_20260811_232337,3,264MN028725A01,A,@DB/264MN028725A01/A,LIFED,shelf_life_limited,WAEItem,LIFED,String,TBC,TBC,N,YES,AQIL,CHECKOUT_FAILED,CHECKED_OUT,NONE,FAILED,True,True,NO,,,,NOT_ATTEMPTED,,,Target is checked out but remains read-only. Checkout user: danial aiman (2dcf952ea3164c298d5cfa65ae36550e)
2026-08-12T01:04:25,APPLY_APPROVED,DB_264MN032706A01_A_20260811_232337,3,264MN028725A01,A,@DB/264MN028725A01/A,Temperature_Sensitive,temperature_sensitive,WAEItem,Temperature_Sensitive,String,TBC,TBC,N,YES,AQIL,CHECKOUT_FAILED,CHECKED_OUT,NONE,FAILED,True,True,NO,,,,NOT_ATTEMPTED,,,Target is checked out but remains read-only. Checkout user: danial aiman (2dcf952ea3164c298d5cfa65ae36550e)
2026-08-12T01:04:25,APPLY_APPROVED,DB_264MN032706A01_A_20260811_232337,3,264MN028725A01,A,@DB/264MN028725A01/A,Hazardous,hazardous,WAEItem,WAE_Hazardous,String,,,N,YES,AQIL,CHECKOUT_FAILED,CHECKED_OUT,NONE,FAILED,True,True,NO,,,,NOT_ATTEMPTED,,,Target is checked out but remains read-only. Checkout user: danial aiman (2dcf952ea3164c298d5cfa65ae36550e)
2026-08-12T01:04:25,APPLY_APPROVED,DB_264MN032706A01_A_20260811_232337,4,264MN028723A01,A,@DB/264MN028723A01/A,Reference Notes,stocking_type,WAEItem,Stocking_Type,String,REF,REF,BUY,YES,AQIL,BATCH_ABORTED_CHECKOUT,CHECKED_OUT,NONE,ALREADY_CHECKED_OUT,False,False,NO,,,,NOT_ATTEMPTED,,,Another target failed checkout; no attributes were changed. This target remains checked out.
2026-08-12T01:04:25,APPLY_APPROVED,DB_264MN032706A01_A_20260811_232337,4,264MN028723A01,A,@DB/264MN028723A01/A,WAE_VERSION,wae_version,WAEItem,WAE_VERSION,String,,,2,YES,AQIL,BATCH_ABORTED_CHECKOUT,CHECKED_OUT,NONE,ALREADY_CHECKED_OUT,False,False,NO,,,,NOT_ATTEMPTED,,,Another target failed checkout; no attributes were changed. This target remains checked out.
2026-08-12T01:04:25,APPLY_APPROVED,DB_264MN032706A01_A_20260811_232337,4,264MN028723A01,A,@DB/264MN028723A01/A,LIFED,shelf_life_limited,WAEItem,LIFED,String,TBC,TBC,N,YES,AQIL,BATCH_ABORTED_CHECKOUT,CHECKED_OUT,NONE,ALREADY_CHECKED_OUT,False,False,NO,,,,NOT_ATTEMPTED,,,Another target failed checkout; no attributes were changed. This target remains checked out.
2026-08-12T01:04:25,APPLY_APPROVED,DB_264MN032706A01_A_20260811_232337,4,264MN028723A01,A,@DB/264MN028723A01/A,Temperature_Sensitive,temperature_sensitive,WAEItem,Temperature_Sensitive,String,TBC,TBC,N,YES,AQIL,BATCH_ABORTED_CHECKOUT,CHECKED_OUT,NONE,ALREADY_CHECKED_OUT,False,False,NO,,,,NOT_ATTEMPTED,,,Another target failed checkout; no attributes were changed. This target remains checked out.
2026-08-12T01:04:25,APPLY_APPROVED,DB_264MN032706A01_A_20260811_232337,4,264MN028723A01,A,@DB/264MN028723A01/A,Hazardous,hazardous,WAEItem,WAE_Hazardous,String,,,N,YES,AQIL,BATCH_ABORTED_CHECKOUT,CHECKED_OUT,NONE,ALREADY_CHECKED_OUT,False,False,NO,,,,NOT_ATTEMPTED,,,Another target failed checkout; no attributes were changed. This target remains checked out.
2026-08-12T01:04:25,APPLY_APPROVED,DB_264MN032706A01_A_20260811_232337,5,264MN028486A01,A,@DB/264MN028486A01/A,WAE_VERSION,wae_version,WAEItem,WAE_VERSION,String,,,1,YES,AQIL,CHECKOUT_FAILED,CHECKED_OUT,NONE,FAILED,True,True,NO,,,,NOT_ATTEMPTED,,,Target is checked out but remains read-only. Checkout user: danial aiman (2dcf952ea3164c298d5cfa65ae36550e)
2026-08-12T01:04:25,APPLY_APPROVED,DB_264MN032706A01_A_20260811_232337,5,264MN028486A01,A,@DB/264MN028486A01/A,COMPONENT_CLASS,component_class,WAEItem,COMPONENT_CLASS,String,TBC,TBC,NONE,YES,AQIL,CHECKOUT_FAILED,CHECKED_OUT,NONE,FAILED,True,True,NO,,,,NOT_ATTEMPTED,,,Target is checked out but remains read-only. Checkout user: danial aiman (2dcf952ea3164c298d5cfa65ae36550e)
2026-08-12T01:04:25,APPLY_APPROVED,DB_264MN032706A01_A_20260811_232337,5,264MN028486A01,A,@DB/264MN028486A01/A,LIFED,shelf_life_limited,WAEItem,LIFED,String,TBC,TBC,N,YES,AQIL,CHECKOUT_FAILED,CHECKED_OUT,NONE,FAILED,True,True,NO,,,,NOT_ATTEMPTED,,,Target is checked out but remains read-only. Checkout user: danial aiman (2dcf952ea3164c298d5cfa65ae36550e)
2026-08-12T01:04:25,APPLY_APPROVED,DB_264MN032706A01_A_20260811_232337,5,264MN028486A01,A,@DB/264MN028486A01/A,Temperature_Sensitive,temperature_sensitive,WAEItem,Temperature_Sensitive,String,TBC,TBC,N,YES,AQIL,CHECKOUT_FAILED,CHECKED_OUT,NONE,FAILED,True,True,NO,,,,NOT_ATTEMPTED,,,Target is checked out but remains read-only. Checkout user: danial aiman (2dcf952ea3164c298d5cfa65ae36550e)
2026-08-12T01:04:25,APPLY_APPROVED,DB_264MN032706A01_A_20260811_232337,5,264MN028486A01,A,@DB/264MN028486A01/A,Hazardous,hazardous,WAEItem,WAE_Hazardous,String,,,N,YES,AQIL,CHECKOUT_FAILED,CHECKED_OUT,NONE,FAILED,True,True,NO,,,,NOT_ATTEMPTED,,,Target is checked out but remains read-only. Checkout user: danial aiman (2dcf952ea3164c298d5cfa65ae36550e)
2026-08-12T01:04:25,APPLY_APPROVED,DB_264MN032706A01_A_20260811_232337,6,264MN034777A01,A,@DB/264MN034777A01/A,,,,,,,,,NO,,NO_CHANGE,,,,,,NO,,,,NOT_REQUIRED,,,CSV business values match the Journal 04 baseline.
2026-08-12T01:04:25,APPLY_APPROVED,DB_264MN032706A01_A_20260811_232337,7,264MN028304A01,A,@DB/264MN028304A01/A,Reference Notes,stocking_type,WAEItem,Stocking_Type,String,REF,REF,BUY/REF,YES,AQIL,BATCH_ABORTED_CHECKOUT,CHECKED_OUT,NONE,ALREADY_CHECKED_OUT,False,False,NO,,,,NOT_ATTEMPTED,,,Another target failed checkout; no attributes were changed. This target remains checked out.
2026-08-12T01:04:25,APPLY_APPROVED,DB_264MN032706A01_A_20260811_232337,7,264MN028304A01,A,@DB/264MN028304A01/A,WAE_VERSION,wae_version,WAEItem,WAE_VERSION,String,N,N,2,YES,AQIL,BATCH_ABORTED_CHECKOUT,CHECKED_OUT,NONE,ALREADY_CHECKED_OUT,False,False,NO,,,,NOT_ATTEMPTED,,,Another target failed checkout; no attributes were changed. This target remains checked out.
2026-08-12T01:04:25,APPLY_APPROVED,DB_264MN032706A01_A_20260811_232337,7,264MN028304A01,A,@DB/264MN028304A01/A,COMPONENT_CLASS,component_class,WAEItem,COMPONENT_CLASS,String,TBC,TBC,NONE,YES,AQIL,BATCH_ABORTED_CHECKOUT,CHECKED_OUT,NONE,ALREADY_CHECKED_OUT,False,False,NO,,,,NOT_ATTEMPTED,,,Another target failed checkout; no attributes were changed. This target remains checked out.
2026-08-12T01:04:25,APPLY_APPROVED,DB_264MN032706A01_A_20260811_232337,7,264MN028304A01,A,@DB/264MN028304A01/A,LIFED,shelf_life_limited,WAEItem,LIFED,String,TBC,TBC,N,YES,AQIL,BATCH_ABORTED_CHECKOUT,CHECKED_OUT,NONE,ALREADY_CHECKED_OUT,False,False,NO,,,,NOT_ATTEMPTED,,,Another target failed checkout; no attributes were changed. This target remains checked out.
2026-08-12T01:04:25,APPLY_APPROVED,DB_264MN032706A01_A_20260811_232337,7,264MN028304A01,A,@DB/264MN028304A01/A,Temperature_Sensitive,temperature_sensitive,WAEItem,Temperature_Sensitive,String,TBC,TBC,N,YES,AQIL,BATCH_ABORTED_CHECKOUT,CHECKED_OUT,NONE,ALREADY_CHECKED_OUT,False,False,NO,,,,NOT_ATTEMPTED,,,Another target failed checkout; no attributes were changed. This target remains checked out.
2026-08-12T01:04:25,APPLY_APPROVED,DB_264MN032706A01_A_20260811_232337,8,264MN025203A01,A,@DB/264MN025203A01/A,WAE_VERSION,wae_version,WAEItem,WAE_VERSION,String,,,2,YES,AQIL,BATCH_ABORTED_CHECKOUT,CHECKED_OUT,NONE,ALREADY_CHECKED_OUT,False,False,NO,,,,NOT_ATTEMPTED,,,Another target failed checkout; no attributes were changed. This target remains checked out.
2026-08-12T01:04:25,APPLY_APPROVED,DB_264MN032706A01_A_20260811_232337,8,264MN025203A01,A,@DB/264MN025203A01/A,NX_FINISH,finish,WAEItem,NX_FINISH,String,TBC,TBC,N/A,YES,AQIL,BATCH_ABORTED_CHECKOUT,CHECKED_OUT,NONE,ALREADY_CHECKED_OUT,False,False,NO,,,,NOT_ATTEMPTED,,,Another target failed checkout; no attributes were changed. This target remains checked out.
2026-08-12T01:04:25,APPLY_APPROVED,DB_264MN032706A01_A_20260811_232337,8,264MN025203A01,A,@DB/264MN025203A01/A,COMPONENT_CLASS,component_class,WAEItem,COMPONENT_CLASS,String,TBC,TBC,C,YES,AQIL,BATCH_ABORTED_CHECKOUT,CHECKED_OUT,NONE,ALREADY_CHECKED_OUT,False,False,NO,,,,NOT_ATTEMPTED,,,Another target failed checkout; no attributes were changed. This target remains checked out.
2026-08-12T01:04:25,APPLY_APPROVED,DB_264MN032706A01_A_20260811_232337,8,264MN025203A01,A,@DB/264MN025203A01/A,LIFED,shelf_life_limited,WAEItem,LIFED,String,TBC,TBC,N,YES,AQIL,BATCH_ABORTED_CHECKOUT,CHECKED_OUT,NONE,ALREADY_CHECKED_OUT,False,False,NO,,,,NOT_ATTEMPTED,,,Another target failed checkout; no attributes were changed. This target remains checked out.
2026-08-12T01:04:25,APPLY_APPROVED,DB_264MN032706A01_A_20260811_232337,8,264MN025203A01,A,@DB/264MN025203A01/A,Temperature_Sensitive,temperature_sensitive,WAEItem,Temperature_Sensitive,String,TBC,TBC,N,YES,AQIL,BATCH_ABORTED_CHECKOUT,CHECKED_OUT,NONE,ALREADY_CHECKED_OUT,False,False,NO,,,,NOT_ATTEMPTED,,,Another target failed checkout; no attributes were changed. This target remains checked out.
2026-08-12T01:04:25,APPLY_APPROVED,DB_264MN032706A01_A_20260811_232337,8,264MN025203A01,A,@DB/264MN025203A01/A,Hazardous,hazardous,WAEItem,WAE_Hazardous,String,,,N,YES,AQIL,BATCH_ABORTED_CHECKOUT,CHECKED_OUT,NONE,ALREADY_CHECKED_OUT,False,False,NO,,,,NOT_ATTEMPTED,,,Another target failed checkout; no attributes were changed. This target remains checked out.
2026-08-12T01:04:25,APPLY_APPROVED,DB_264MN032706A01_A_20260811_232337,9,264MN025605A01,A,@DB/264MN025605A01/A,Reference Notes,stocking_type,WAEItem,Stocking_Type,String,REF,REF,BUY/REF,YES,AQIL,CHECKOUT_FAILED,CHECKED_OUT,NONE,FAILED,True,True,NO,,,,NOT_ATTEMPTED,,,Target is checked out but remains read-only. Checkout user: danial aiman (2dcf952ea3164c298d5cfa65ae36550e)
2026-08-12T01:04:25,APPLY_APPROVED,DB_264MN032706A01_A_20260811_232337,9,264MN025605A01,A,@DB/264MN025605A01/A,WAE_VERSION,wae_version,WAEItem,WAE_VERSION,String,,,1,YES,AQIL,CHECKOUT_FAILED,CHECKED_OUT,NONE,FAILED,True,True,NO,,,,NOT_ATTEMPTED,,,Target is checked out but remains read-only. Checkout user: danial aiman (2dcf952ea3164c298d5cfa65ae36550e)
2026-08-12T01:04:25,APPLY_APPROVED,DB_264MN032706A01_A_20260811_232337,9,264MN025605A01,A,@DB/264MN025605A01/A,NX_FINISH,finish,WAEItem,NX_FINISH,String,,,N/A,YES,AQIL,CHECKOUT_FAILED,CHECKED_OUT,NONE,FAILED,True,True,NO,,,,NOT_ATTEMPTED,,,Target is checked out but remains read-only. Checkout user: danial aiman (2dcf952ea3164c298d5cfa65ae36550e)
2026-08-12T01:04:25,APPLY_APPROVED,DB_264MN032706A01_A_20260811_232337,9,264MN025605A01,A,@DB/264MN025605A01/A,COMPONENT_CLASS,component_class,WAEItem,COMPONENT_CLASS,String,TBC,TBC,NONE,YES,AQIL,CHECKOUT_FAILED,CHECKED_OUT,NONE,FAILED,True,True,NO,,,,NOT_ATTEMPTED,,,Target is checked out but remains read-only. Checkout user: danial aiman (2dcf952ea3164c298d5cfa65ae36550e)
2026-08-12T01:04:25,APPLY_APPROVED,DB_264MN032706A01_A_20260811_232337,9,264MN025605A01,A,@DB/264MN025605A01/A,Temperature_Sensitive,temperature_sensitive,WAEItem,Temperature_Sensitive,String,TBC,TBC,N,YES,AQIL,CHECKOUT_FAILED,CHECKED_OUT,NONE,FAILED,True,True,NO,,,,NOT_ATTEMPTED,,,Target is checked out but remains read-only. Checkout user: danial aiman (2dcf952ea3164c298d5cfa65ae36550e)
2026-08-12T01:04:25,APPLY_APPROVED,DB_264MN032706A01_A_20260811_232337,9,264MN025605A01,A,@DB/264MN025605A01/A,Hazardous,hazardous,WAEItem,WAE_Hazardous,String,,,N,YES,AQIL,CHECKOUT_FAILED,CHECKED_OUT,NONE,FAILED,True,True,NO,,,,NOT_ATTEMPTED,,,Target is checked out but remains read-only. Checkout user: danial aiman (2dcf952ea3164c298d5cfa65ae36550e)
2026-08-12T01:04:25,APPLY_APPROVED,DB_264MN032706A01_A_20260811_232337,10,264MN034407A01,A,@DB/264MN034407A01/A,,,,,,,,,NO,,NO_CHANGE,,,,,,NO,,,,NOT_REQUIRED,,,CSV business values match the Journal 04 baseline.
2026-08-12T01:04:25,APPLY_APPROVED,DB_264MN032706A01_A_20260811_232337,11,264MN034386A01,A,@DB/264MN034386A01/A,,,,,,,,,NO,,NO_CHANGE,,,,,,NO,,,,NOT_REQUIRED,,,CSV business values match the Journal 04 baseline.
2026-08-12T01:04:25,APPLY_APPROVED,DB_264MN032706A01_A_20260811_232337,12,264MN030055A01,A,@DB/264MN030055A01/A,,,,,,,,,NO,,NO_CHANGE,,,,,,NO,,,,NOT_REQUIRED,,,CSV business values match the Journal 04 baseline.
2026-08-12T01:04:25,APPLY_APPROVED,DB_264MN032706A01_A_20260811_232337,13,264MN034643A01,A,@DB/264MN034643A01/A,,,,,,,,,NO,,NO_CHANGE,,,,,,NO,,,,NOT_REQUIRED,,,CSV business values match the Journal 04 baseline.
2026-08-12T01:04:25,APPLY_APPROVED,DB_264MN032706A01_A_20260811_232337,14,264MN034384A01,A,@DB/264MN034384A01/A,,,,,,,,,NO,,NO_CHANGE,,,,,,NO,,,,NOT_REQUIRED,,,CSV business values match the Journal 04 baseline.
2026-08-12T01:04:25,APPLY_APPROVED,DB_264MN032706A01_A_20260811_232337,15,264MN025540A01,A,@DB/264MN025540A01/A,WAE_VERSION,wae_version,WAEItem,WAE_VERSION,String,,,1,YES,AQIL,CHECKOUT_FAILED,CHECKED_OUT,NONE,FAILED,True,True,NO,,,,NOT_ATTEMPTED,,,Target is checked out but remains read-only. Checkout user: danial aiman (2dcf952ea3164c298d5cfa65ae36550e)
2026-08-12T01:04:25,APPLY_APPROVED,DB_264MN032706A01_A_20260811_232337,15,264MN025540A01,A,@DB/264MN025540A01/A,NX_FINISH,finish,WAEItem,NX_FINISH,String,TBC,TBC,N/A,YES,AQIL,CHECKOUT_FAILED,CHECKED_OUT,NONE,FAILED,True,True,NO,,,,NOT_ATTEMPTED,,,Target is checked out but remains read-only. Checkout user: danial aiman (2dcf952ea3164c298d5cfa65ae36550e)
2026-08-12T01:04:25,APPLY_APPROVED,DB_264MN032706A01_A_20260811_232337,15,264MN025540A01,A,@DB/264MN025540A01/A,COMPONENT_CLASS,component_class,WAEItem,COMPONENT_CLASS,String,N,N,NONE,YES,AQIL,CHECKOUT_FAILED,CHECKED_OUT,NONE,FAILED,True,True,NO,,,,NOT_ATTEMPTED,,,Target is checked out but remains read-only. Checkout user: danial aiman (2dcf952ea3164c298d5cfa65ae36550e)
2026-08-12T01:04:25,APPLY_APPROVED,DB_264MN032706A01_A_20260811_232337,15,264MN025540A01,A,@DB/264MN025540A01/A,LIFED,shelf_life_limited,WAEItem,LIFED,String,TBC,TBC,N,YES,AQIL,CHECKOUT_FAILED,CHECKED_OUT,NONE,FAILED,True,True,NO,,,,NOT_ATTEMPTED,,,Target is checked out but remains read-only. Checkout user: danial aiman (2dcf952ea3164c298d5cfa65ae36550e)
2026-08-12T01:04:25,APPLY_APPROVED,DB_264MN032706A01_A_20260811_232337,15,264MN025540A01,A,@DB/264MN025540A01/A,Temperature_Sensitive,temperature_sensitive,WAEItem,Temperature_Sensitive,String,TBC,TBC,N,YES,AQIL,CHECKOUT_FAILED,CHECKED_OUT,NONE,FAILED,True,True,NO,,,,NOT_ATTEMPTED,,,Target is checked out but remains read-only. Checkout user: danial aiman (2dcf952ea3164c298d5cfa65ae36550e)
2026-08-12T01:04:25,APPLY_APPROVED,DB_264MN032706A01_A_20260811_232337,15,264MN025540A01,A,@DB/264MN025540A01/A,Hazardous,hazardous,WAEItem,WAE_Hazardous,String,,,N,YES,AQIL,CHECKOUT_FAILED,CHECKED_OUT,NONE,FAILED,True,True,NO,,,,NOT_ATTEMPTED,,,Target is checked out but remains read-only. Checkout user: danial aiman (2dcf952ea3164c298d5cfa65ae36550e)
2026-08-12T01:04:25,APPLY_APPROVED,DB_264MN032706A01_A_20260811_232337,16,264MN030255A01,A,@DB/264MN030255A01/A,Reference Notes,stocking_type,WAEItem,Stocking_Type,String,REF,REF,BUY,YES,AQIL,CHECKOUT_FAILED,CHECKED_OUT,NONE,FAILED,True,True,NO,,,,NOT_ATTEMPTED,,,Target is checked out but remains read-only. Checkout user: danial aiman (2dcf952ea3164c298d5cfa65ae36550e)
2026-08-12T01:04:25,APPLY_APPROVED,DB_264MN032706A01_A_20260811_232337,16,264MN030255A01,A,@DB/264MN030255A01/A,COMPONENT_CLASS,component_class,WAEItem,COMPONENT_CLASS,String,C,C,B,YES,AQIL,CHECKOUT_FAILED,CHECKED_OUT,NONE,FAILED,True,True,NO,,,,NOT_ATTEMPTED,,,Target is checked out but remains read-only. Checkout user: danial aiman (2dcf952ea3164c298d5cfa65ae36550e)
2026-08-12T01:04:25,APPLY_APPROVED,DB_264MN032706A01_A_20260811_232337,17,264MN030254A01,A,@DB/264MN030254A01/A,COMPONENT_CLASS,component_class,WAEItem,COMPONENT_CLASS,String,C,C,B,YES,AQIL,BATCH_ABORTED_CHECKOUT,CHECKED_OUT,NONE,ALREADY_CHECKED_OUT,False,False,NO,,,,NOT_ATTEMPTED,,,Another target failed checkout; no attributes were changed. This target remains checked out.
2026-08-12T01:04:25,APPLY_APPROVED,DB_264MN032706A01_A_20260811_232337,18,264MN030099A01,A,@DB/264MN030099A01/A,NX_FINISH,finish,WAEItem,NX_FINISH,String,PASSIVATED,PASSIVATED,N/A,YES,AQIL,CHECKOUT_FAILED,CHECKED_OUT,NONE,FAILED,True,True,NO,,,,NOT_ATTEMPTED,,,Target is checked out but remains read-only. Checkout user: danial aiman (2dcf952ea3164c298d5cfa65ae36550e)
2026-08-12T01:04:25,APPLY_APPROVED,DB_264MN032706A01_A_20260811_232337,19,264MN034357A01,A,@DB/264MN034357A01/A,,,,,,,,,NO,,NO_CHANGE,,,,,,NO,,,,NOT_REQUIRED,,,CSV business values match the Journal 04 baseline.
2026-08-12T01:04:25,APPLY_APPROVED,DB_264MN032706A01_A_20260811_232337,20,264MN026107A01,A,@DB/264MN026107A01/A,Reference Notes,stocking_type,WAEItem,Stocking_Type,String,REF,REF,BUY,YES,AQIL,CHECKOUT_FAILED,CHECKED_OUT,NONE,FAILED,True,True,NO,,,,NOT_ATTEMPTED,,,Target is checked out but remains read-only. Checkout user: danial aiman (2dcf952ea3164c298d5cfa65ae36550e)
2026-08-12T01:04:25,APPLY_APPROVED,DB_264MN032706A01_A_20260811_232337,20,264MN026107A01,A,@DB/264MN026107A01/A,WAE_VERSION,wae_version,WAEItem,WAE_VERSION,String,,,2,YES,AQIL,CHECKOUT_FAILED,CHECKED_OUT,NONE,FAILED,True,True,NO,,,,NOT_ATTEMPTED,,,Target is checked out but remains read-only. Checkout user: danial aiman (2dcf952ea3164c298d5cfa65ae36550e)
2026-08-12T01:04:25,APPLY_APPROVED,DB_264MN032706A01_A_20260811_232337,20,264MN026107A01,A,@DB/264MN026107A01/A,COMPONENT_CLASS,component_class,WAEItem,COMPONENT_CLASS,String,C,C,A,YES,AQIL,CHECKOUT_FAILED,CHECKED_OUT,NONE,FAILED,True,True,NO,,,,NOT_ATTEMPTED,,,Target is checked out but remains read-only. Checkout user: danial aiman (2dcf952ea3164c298d5cfa65ae36550e)
2026-08-12T01:04:25,APPLY_APPROVED,DB_264MN032706A01_A_20260811_232337,20,264MN026107A01,A,@DB/264MN026107A01/A,LIFED,shelf_life_limited,WAEItem,LIFED,String,TBC,TBC,N,YES,AQIL,CHECKOUT_FAILED,CHECKED_OUT,NONE,FAILED,True,True,NO,,,,NOT_ATTEMPTED,,,Target is checked out but remains read-only. Checkout user: danial aiman (2dcf952ea3164c298d5cfa65ae36550e)
2026-08-12T01:04:25,APPLY_APPROVED,DB_264MN032706A01_A_20260811_232337,20,264MN026107A01,A,@DB/264MN026107A01/A,Hazardous,hazardous,WAEItem,WAE_Hazardous,String,,,N,YES,AQIL,CHECKOUT_FAILED,CHECKED_OUT,NONE,FAILED,True,True,NO,,,,NOT_ATTEMPTED,,,Target is checked out but remains read-only. Checkout user: danial aiman (2dcf952ea3164c298d5cfa65ae36550e)
2026-08-12T01:04:25,APPLY_APPROVED,DB_264MN032706A01_A_20260811_232337,21,264MN025503A01,A,@DB/264MN025503A01/A,WAE_VERSION,wae_version,WAEItem,WAE_VERSION,String,1,1,2,YES,AQIL,BATCH_ABORTED_CHECKOUT,CHECKED_OUT,NONE,ALREADY_CHECKED_OUT,False,False,NO,,,,NOT_ATTEMPTED,,,Another target failed checkout; no attributes were changed. This target remains checked out.
2026-08-12T01:04:25,APPLY_APPROVED,DB_264MN032706A01_A_20260811_232337,21,264MN025503A01,A,@DB/264MN025503A01/A,COMPONENT_CLASS,component_class,WAEItem,COMPONENT_CLASS,String,C,C,A,YES,AQIL,BATCH_ABORTED_CHECKOUT,CHECKED_OUT,NONE,ALREADY_CHECKED_OUT,False,False,NO,,,,NOT_ATTEMPTED,,,Another target failed checkout; no attributes were changed. This target remains checked out.
2026-08-12T01:04:25,APPLY_APPROVED,DB_264MN032706A01_A_20260811_232337,21,264MN025503A01,A,@DB/264MN025503A01/A,Temperature_Sensitive,temperature_sensitive,WAEItem,Temperature_Sensitive,String,TBC,TBC,N,YES,AQIL,BATCH_ABORTED_CHECKOUT,CHECKED_OUT,NONE,ALREADY_CHECKED_OUT,False,False,NO,,,,NOT_ATTEMPTED,,,Another target failed checkout; no attributes were changed. This target remains checked out.
2026-08-12T01:04:25,APPLY_APPROVED,DB_264MN032706A01_A_20260811_232337,22,264MN026106A01,A,@DB/264MN026106A01/A,WAE_VERSION,wae_version,WAEItem,WAE_VERSION,String,,,2,YES,AQIL,BATCH_ABORTED_CHECKOUT,CHECKED_OUT,NONE,ALREADY_CHECKED_OUT,False,False,NO,,,,NOT_ATTEMPTED,,,Another target failed checkout; no attributes were changed. This target remains checked out.
2026-08-12T01:04:25,APPLY_APPROVED,DB_264MN032706A01_A_20260811_232337,22,264MN026106A01,A,@DB/264MN026106A01/A,COMPONENT_CLASS,component_class,WAEItem,COMPONENT_CLASS,String,C,C,A,YES,AQIL,BATCH_ABORTED_CHECKOUT,CHECKED_OUT,NONE,ALREADY_CHECKED_OUT,False,False,NO,,,,NOT_ATTEMPTED,,,Another target failed checkout; no attributes were changed. This target remains checked out.
2026-08-12T01:04:25,APPLY_APPROVED,DB_264MN032706A01_A_20260811_232337,22,264MN026106A01,A,@DB/264MN026106A01/A,Temperature_Sensitive,temperature_sensitive,WAEItem,Temperature_Sensitive,String,TBC,TBC,N,YES,AQIL,BATCH_ABORTED_CHECKOUT,CHECKED_OUT,NONE,ALREADY_CHECKED_OUT,False,False,NO,,,,NOT_ATTEMPTED,,,Another target failed checkout; no attributes were changed. This target remains checked out.
2026-08-12T01:04:25,APPLY_APPROVED,DB_264MN032706A01_A_20260811_232337,22,264MN026106A01,A,@DB/264MN026106A01/A,Hazardous,hazardous,WAEItem,WAE_Hazardous,String,,,N,YES,AQIL,BATCH_ABORTED_CHECKOUT,CHECKED_OUT,NONE,ALREADY_CHECKED_OUT,False,False,NO,,,,NOT_ATTEMPTED,,,Another target failed checkout; no attributes were changed. This target remains checked out.
2026-08-12T01:04:25,APPLY_APPROVED,DB_264MN032706A01_A_20260811_232337,23,264MN025547A01,A,@DB/264MN025547A01/A,Reference Notes,stocking_type,WAEItem,Stocking_Type,String,REF,REF,BUY,YES,AQIL,CHECKOUT_FAILED,CHECKED_OUT,NONE,FAILED,True,True,NO,,,,NOT_ATTEMPTED,,,Target is checked out but remains read-only. Checkout user: danial aiman (2dcf952ea3164c298d5cfa65ae36550e)
2026-08-12T01:04:25,APPLY_APPROVED,DB_264MN032706A01_A_20260811_232337,23,264MN025547A01,A,@DB/264MN025547A01/A,WAE_VERSION,wae_version,WAEItem,WAE_VERSION,String,1,1,2,YES,AQIL,CHECKOUT_FAILED,CHECKED_OUT,NONE,FAILED,True,True,NO,,,,NOT_ATTEMPTED,,,Target is checked out but remains read-only. Checkout user: danial aiman (2dcf952ea3164c298d5cfa65ae36550e)
2026-08-12T01:04:25,APPLY_APPROVED,DB_264MN032706A01_A_20260811_232337,23,264MN025547A01,A,@DB/264MN025547A01/A,COMPONENT_CLASS,component_class,WAEItem,COMPONENT_CLASS,String,C,C,A,YES,AQIL,CHECKOUT_FAILED,CHECKED_OUT,NONE,FAILED,True,True,NO,,,,NOT_ATTEMPTED,,,Target is checked out but remains read-only. Checkout user: danial aiman (2dcf952ea3164c298d5cfa65ae36550e)
2026-08-12T01:04:25,APPLY_APPROVED,DB_264MN032706A01_A_20260811_232337,23,264MN025547A01,A,@DB/264MN025547A01/A,Temperature_Sensitive,temperature_sensitive,WAEItem,Temperature_Sensitive,String,TBC,TBC,N,YES,AQIL,CHECKOUT_FAILED,CHECKED_OUT,NONE,FAILED,True,True,NO,,,,NOT_ATTEMPTED,,,Target is checked out but remains read-only. Checkout user: danial aiman (2dcf952ea3164c298d5cfa65ae36550e)
2026-08-12T01:04:25,APPLY_APPROVED,DB_264MN032706A01_A_20260811_232337,24,264MN025702A01,A,@DB/264MN025702A01/A,WAE_VERSION,wae_version,WAEItem,WAE_VERSION,String,,,2,YES,AQIL,BATCH_ABORTED_CHECKOUT,CHECKED_OUT,NONE,ALREADY_CHECKED_OUT,False,False,NO,,,,NOT_ATTEMPTED,,,Another target failed checkout; no attributes were changed. This target remains checked out.
2026-08-12T01:04:25,APPLY_APPROVED,DB_264MN032706A01_A_20260811_232337,24,264MN025702A01,A,@DB/264MN025702A01/A,COMPONENT_CLASS,component_class,WAEItem,COMPONENT_CLASS,String,C,C,A,YES,AQIL,BATCH_ABORTED_CHECKOUT,CHECKED_OUT,NONE,ALREADY_CHECKED_OUT,False,False,NO,,,,NOT_ATTEMPTED,,,Another target failed checkout; no attributes were changed. This target remains checked out.
2026-08-12T01:04:25,APPLY_APPROVED,DB_264MN032706A01_A_20260811_232337,24,264MN025702A01,A,@DB/264MN025702A01/A,Temperature_Sensitive,temperature_sensitive,WAEItem,Temperature_Sensitive,String,TBC,TBC,N,YES,AQIL,BATCH_ABORTED_CHECKOUT,CHECKED_OUT,NONE,ALREADY_CHECKED_OUT,False,False,NO,,,,NOT_ATTEMPTED,,,Another target failed checkout; no attributes were changed. This target remains checked out.
2026-08-12T01:04:25,APPLY_APPROVED,DB_264MN032706A01_A_20260811_232337,24,264MN025702A01,A,@DB/264MN025702A01/A,Hazardous,hazardous,WAEItem,WAE_Hazardous,String,,,N,YES,AQIL,BATCH_ABORTED_CHECKOUT,CHECKED_OUT,NONE,ALREADY_CHECKED_OUT,False,False,NO,,,,NOT_ATTEMPTED,,,Another target failed checkout; no attributes were changed. This target remains checked out.
2026-08-12T01:04:25,APPLY_APPROVED,DB_264MN032706A01_A_20260811_232337,25,264MN024052A01,A,@DB/264MN024052A01/A,Reference Notes,stocking_type,WAEItem,Stocking_Type,String,REF,REF,BUY,YES,AQIL,BATCH_ABORTED_CHECKOUT,CHECKED_OUT,NONE,ALREADY_CHECKED_OUT,False,False,NO,,,,NOT_ATTEMPTED,,,Another target failed checkout; no attributes were changed. This target remains checked out.
2026-08-12T01:04:25,APPLY_APPROVED,DB_264MN032706A01_A_20260811_232337,25,264MN024052A01,A,@DB/264MN024052A01/A,NX_FINISH,finish,WAEItem,NX_FINISH,String,RAL7043,RAL7043,RAL 7043,YES,AQIL,BATCH_ABORTED_CHECKOUT,CHECKED_OUT,NONE,ALREADY_CHECKED_OUT,False,False,NO,,,,NOT_ATTEMPTED,,,Another target failed checkout; no attributes were changed. This target remains checked out.
2026-08-12T01:04:25,APPLY_APPROVED,DB_264MN032706A01_A_20260811_232337,25,264MN024052A01,A,@DB/264MN024052A01/A,COMPONENT_CLASS,component_class,WAEItem,COMPONENT_CLASS,String,C,C,A,YES,AQIL,BATCH_ABORTED_CHECKOUT,CHECKED_OUT,NONE,ALREADY_CHECKED_OUT,False,False,NO,,,,NOT_ATTEMPTED,,,Another target failed checkout; no attributes were changed. This target remains checked out.
2026-08-12T01:04:25,APPLY_APPROVED,DB_264MN032706A01_A_20260811_232337,25,264MN024052A01,A,@DB/264MN024052A01/A,LIFED,shelf_life_limited,WAEItem,LIFED,String,TBC,TBC,N,YES,AQIL,BATCH_ABORTED_CHECKOUT,CHECKED_OUT,NONE,ALREADY_CHECKED_OUT,False,False,NO,,,,NOT_ATTEMPTED,,,Another target failed checkout; no attributes were changed. This target remains checked out.
2026-08-12T01:04:25,APPLY_APPROVED,DB_264MN032706A01_A_20260811_232337,25,264MN024052A01,A,@DB/264MN024052A01/A,Temperature_Sensitive,temperature_sensitive,WAEItem,Temperature_Sensitive,String,TBC,TBC,N,YES,AQIL,BATCH_ABORTED_CHECKOUT,CHECKED_OUT,NONE,ALREADY_CHECKED_OUT,False,False,NO,,,,NOT_ATTEMPTED,,,Another target failed checkout; no attributes were changed. This target remains checked out.
2026-08-12T01:04:25,APPLY_APPROVED,DB_264MN032706A01_A_20260811_232337,26,264MN032889A01,A,@DB/264MN032889A01/A,UOM,uom,WAEItem,Unit_Of_Measure,String,,,ea,NO,,SKIPPED_NOT_APPROVED,,,,,,NO,,,,,,,Row changes are not approved.
2026-08-12T01:04:25,APPLY_APPROVED,DB_264MN032706A01_A_20260811_232337,26,264MN032889A01,A,@DB/264MN032889A01/A,Mfr. Name,manufacturer,WAEItem,MFG,String,,,FABRICATOR,NO,,SKIPPED_NOT_APPROVED,,,,,,NO,,,,,,,Row changes are not approved.
2026-08-12T01:04:25,APPLY_APPROVED,DB_264MN032706A01_A_20260811_232337,26,264MN032889A01,A,@DB/264MN032889A01/A,Mfr. Part Number,manufacturer_part_number,WAEItem,MPN,String,,,264MN032889A01,NO,,SKIPPED_NOT_APPROVED,,,,,,NO,,,,,,,Row changes are not approved.
2026-08-12T01:04:25,APPLY_APPROVED,DB_264MN032706A01_A_20260811_232337,26,264MN032889A01,A,@DB/264MN032889A01/A,Reference Notes,stocking_type,WAEItem,Stocking_Type,String,,,REF,NO,,SKIPPED_NOT_APPROVED,,,,,,NO,,,,,,,Row changes are not approved.
2026-08-12T01:04:25,APPLY_APPROVED,DB_264MN032706A01_A_20260811_232337,27,264MN029981A01,A,@DB/264MN029981A01/A,Mfr. Part Number,manufacturer_part_number,WAEItem,MPN,String,264MN025996A01,264MN025996A01,264MN029981A01,YES,AQIL,BATCH_ABORTED_CHECKOUT,CHECKED_OUT,NONE,ALREADY_CHECKED_OUT,False,False,NO,,,,NOT_ATTEMPTED,,,Another target failed checkout; no attributes were changed. This target remains checked out.
2026-08-12T01:04:25,APPLY_APPROVED,DB_264MN032706A01_A_20260811_232337,27,264MN029981A01,A,@DB/264MN029981A01/A,Reference Notes,stocking_type,WAEItem,Stocking_Type,String,REF,REF,BUY,YES,AQIL,BATCH_ABORTED_CHECKOUT,CHECKED_OUT,NONE,ALREADY_CHECKED_OUT,False,False,NO,,,,NOT_ATTEMPTED,,,Another target failed checkout; no attributes were changed. This target remains checked out.
2026-08-12T01:04:25,APPLY_APPROVED,DB_264MN032706A01_A_20260811_232337,27,264MN029981A01,A,@DB/264MN029981A01/A,LIFED,shelf_life_limited,WAEItem,LIFED,String,TBC,TBC,N,YES,AQIL,BATCH_ABORTED_CHECKOUT,CHECKED_OUT,NONE,ALREADY_CHECKED_OUT,False,False,NO,,,,NOT_ATTEMPTED,,,Another target failed checkout; no attributes were changed. This target remains checked out.
2026-08-12T01:04:25,APPLY_APPROVED,DB_264MN032706A01_A_20260811_232337,28,264MN030067A01,A,@DB/264MN030067A01/A,Reference Notes,stocking_type,WAEItem,Stocking_Type,String,REF,REF,BUY,YES,AQIL,CHECKOUT_FAILED,CHECKED_OUT,NONE,FAILED,True,True,NO,,,,NOT_ATTEMPTED,,,Target is checked out but remains read-only. Checkout user: danial aiman (2dcf952ea3164c298d5cfa65ae36550e)
2026-08-12T01:04:25,APPLY_APPROVED,DB_264MN032706A01_A_20260811_232337,28,264MN030067A01,A,@DB/264MN030067A01/A,NX_FINISH,finish,WAEItem,NX_FINISH,String,TBC,TBC,N/A,YES,AQIL,CHECKOUT_FAILED,CHECKED_OUT,NONE,FAILED,True,True,NO,,,,NOT_ATTEMPTED,,,Target is checked out but remains read-only. Checkout user: danial aiman (2dcf952ea3164c298d5cfa65ae36550e)
2026-08-12T01:04:25,APPLY_APPROVED,DB_264MN032706A01_A_20260811_232337,28,264MN030067A01,A,@DB/264MN030067A01/A,COMPONENT_CLASS,component_class,WAEItem,COMPONENT_CLASS,String,TBC,TBC,NONE,YES,AQIL,CHECKOUT_FAILED,CHECKED_OUT,NONE,FAILED,True,True,NO,,,,NOT_ATTEMPTED,,,Target is checked out but remains read-only. Checkout user: danial aiman (2dcf952ea3164c298d5cfa65ae36550e)
2026-08-12T01:04:25,APPLY_APPROVED,DB_264MN032706A01_A_20260811_232337,28,264MN030067A01,A,@DB/264MN030067A01/A,LIFED,shelf_life_limited,WAEItem,LIFED,String,TBC,TBC,N,YES,AQIL,CHECKOUT_FAILED,CHECKED_OUT,NONE,FAILED,True,True,NO,,,,NOT_ATTEMPTED,,,Target is checked out but remains read-only. Checkout user: danial aiman (2dcf952ea3164c298d5cfa65ae36550e)
2026-08-12T01:04:25,APPLY_APPROVED,DB_264MN032706A01_A_20260811_232337,28,264MN030067A01,A,@DB/264MN030067A01/A,Temperature_Sensitive,temperature_sensitive,WAEItem,Temperature_Sensitive,String,TBC,TBC,N,YES,AQIL,CHECKOUT_FAILED,CHECKED_OUT,NONE,FAILED,True,True,NO,,,,NOT_ATTEMPTED,,,Target is checked out but remains read-only. Checkout user: danial aiman (2dcf952ea3164c298d5cfa65ae36550e)
2026-08-12T01:04:25,APPLY_APPROVED,DB_264MN032706A01_A_20260811_232337,29,264MN025495A01,A,@DB/264MN025495A01/A,Reference Notes,stocking_type,WAEItem,Stocking_Type,String,REF,REF,BUY,YES,AQIL,BATCH_ABORTED_CHECKOUT,CHECKED_OUT,NONE,ALREADY_CHECKED_OUT,False,False,NO,,,,NOT_ATTEMPTED,,,Another target failed checkout; no attributes were changed. This target remains checked out.
2026-08-12T01:04:25,APPLY_APPROVED,DB_264MN032706A01_A_20260811_232337,29,264MN025495A01,A,@DB/264MN025495A01/A,WAE_VERSION,wae_version,WAEItem,WAE_VERSION,String,,,2,YES,AQIL,BATCH_ABORTED_CHECKOUT,CHECKED_OUT,NONE,ALREADY_CHECKED_OUT,False,False,NO,,,,NOT_ATTEMPTED,,,Another target failed checkout; no attributes were changed. This target remains checked out.
2026-08-12T01:04:25,APPLY_APPROVED,DB_264MN032706A01_A_20260811_232337,29,264MN025495A01,A,@DB/264MN025495A01/A,COMPONENT_CLASS,component_class,WAEItem,COMPONENT_CLASS,String,C,C,A,YES,AQIL,BATCH_ABORTED_CHECKOUT,CHECKED_OUT,NONE,ALREADY_CHECKED_OUT,False,False,NO,,,,NOT_ATTEMPTED,,,Another target failed checkout; no attributes were changed. This target remains checked out.
2026-08-12T01:04:25,APPLY_APPROVED,DB_264MN032706A01_A_20260811_232337,29,264MN025495A01,A,@DB/264MN025495A01/A,LIFED,shelf_life_limited,WAEItem,LIFED,String,TBC,TBC,N,YES,AQIL,BATCH_ABORTED_CHECKOUT,CHECKED_OUT,NONE,ALREADY_CHECKED_OUT,False,False,NO,,,,NOT_ATTEMPTED,,,Another target failed checkout; no attributes were changed. This target remains checked out.
2026-08-12T01:04:25,APPLY_APPROVED,DB_264MN032706A01_A_20260811_232337,29,264MN025495A01,A,@DB/264MN025495A01/A,Temperature_Sensitive,temperature_sensitive,WAEItem,Temperature_Sensitive,String,TBC,TBC,N,YES,AQIL,BATCH_ABORTED_CHECKOUT,CHECKED_OUT,NONE,ALREADY_CHECKED_OUT,False,False,NO,,,,NOT_ATTEMPTED,,,Another target failed checkout; no attributes were changed. This target remains checked out.
2026-08-12T01:04:25,APPLY_APPROVED,DB_264MN032706A01_A_20260811_232337,29,264MN025495A01,A,@DB/264MN025495A01/A,Hazardous,hazardous,WAEItem,WAE_Hazardous,String,,,N,YES,AQIL,BATCH_ABORTED_CHECKOUT,CHECKED_OUT,NONE,ALREADY_CHECKED_OUT,False,False,NO,,,,NOT_ATTEMPTED,,,Another target failed checkout; no attributes were changed. This target remains checked out.
2026-08-12T01:04:25,APPLY_APPROVED,DB_264MN032706A01_A_20260811_232337,30,264MN028611A01,A,@DB/264MN028611A01/A,Mfr. Name,manufacturer,WAEItem,MFG,String,FABRIACATOR,FABRIACATOR,FABRICATOR,YES,AQIL,BATCH_ABORTED_CHECKOUT,CHECKED_OUT,NONE,ALREADY_CHECKED_OUT,False,False,NO,,,,NOT_ATTEMPTED,,,Another target failed checkout; no attributes were changed. This target remains checked out.
2026-08-12T01:04:25,APPLY_APPROVED,DB_264MN032706A01_A_20260811_232337,30,264MN028611A01,A,@DB/264MN028611A01/A,Reference Notes,stocking_type,WAEItem,Stocking_Type,String,REF,REF,BUY,YES,AQIL,BATCH_ABORTED_CHECKOUT,CHECKED_OUT,NONE,ALREADY_CHECKED_OUT,False,False,NO,,,,NOT_ATTEMPTED,,,Another target failed checkout; no attributes were changed. This target remains checked out.
2026-08-12T01:04:25,APPLY_APPROVED,DB_264MN032706A01_A_20260811_232337,30,264MN028611A01,A,@DB/264MN028611A01/A,WAE_VERSION,wae_version,WAEItem,WAE_VERSION,String,,,2,YES,AQIL,BATCH_ABORTED_CHECKOUT,CHECKED_OUT,NONE,ALREADY_CHECKED_OUT,False,False,NO,,,,NOT_ATTEMPTED,,,Another target failed checkout; no attributes were changed. This target remains checked out.
2026-08-12T01:04:25,APPLY_APPROVED,DB_264MN032706A01_A_20260811_232337,30,264MN028611A01,A,@DB/264MN028611A01/A,COMPONENT_CLASS,component_class,WAEItem,COMPONENT_CLASS,String,C,C,A,YES,AQIL,BATCH_ABORTED_CHECKOUT,CHECKED_OUT,NONE,ALREADY_CHECKED_OUT,False,False,NO,,,,NOT_ATTEMPTED,,,Another target failed checkout; no attributes were changed. This target remains checked out.
2026-08-12T01:04:25,APPLY_APPROVED,DB_264MN032706A01_A_20260811_232337,30,264MN028611A01,A,@DB/264MN028611A01/A,LIFED,shelf_life_limited,WAEItem,LIFED,String,TBC,TBC,N,YES,AQIL,BATCH_ABORTED_CHECKOUT,CHECKED_OUT,NONE,ALREADY_CHECKED_OUT,False,False,NO,,,,NOT_ATTEMPTED,,,Another target failed checkout; no attributes were changed. This target remains checked out.
2026-08-12T01:04:25,APPLY_APPROVED,DB_264MN032706A01_A_20260811_232337,30,264MN028611A01,A,@DB/264MN028611A01/A,Temperature_Sensitive,temperature_sensitive,WAEItem,Temperature_Sensitive,String,TBC,TBC,N,YES,AQIL,BATCH_ABORTED_CHECKOUT,CHECKED_OUT,NONE,ALREADY_CHECKED_OUT,False,False,NO,,,,NOT_ATTEMPTED,,,Another target failed checkout; no attributes were changed. This target remains checked out.
2026-08-12T01:04:25,APPLY_APPROVED,DB_264MN032706A01_A_20260811_232337,30,264MN028611A01,A,@DB/264MN028611A01/A,Hazardous,hazardous,WAEItem,WAE_Hazardous,String,,,N,YES,AQIL,BATCH_ABORTED_CHECKOUT,CHECKED_OUT,NONE,ALREADY_CHECKED_OUT,False,False,NO,,,,NOT_ATTEMPTED,,,Another target failed checkout; no attributes were changed. This target remains checked out.
2026-08-12T01:04:25,APPLY_APPROVED,DB_264MN032706A01_A_20260811_232337,31,264MN024176A01,A,@DB/264MN024176A01/A,WAE_VERSION,wae_version,WAEItem,WAE_VERSION,String,,,1,YES,AQIL,BATCH_ABORTED_CHECKOUT,CHECKED_OUT,NONE,ALREADY_CHECKED_OUT,False,False,NO,,,,NOT_ATTEMPTED,,,Another target failed checkout; no attributes were changed. This target remains checked out.
2026-08-12T01:04:25,APPLY_APPROVED,DB_264MN032706A01_A_20260811_232337,31,264MN024176A01,A,@DB/264MN024176A01/A,NX_FINISH,finish,WAEItem,NX_FINISH,String,,,N/A,YES,AQIL,BATCH_ABORTED_CHECKOUT,CHECKED_OUT,NONE,ALREADY_CHECKED_OUT,False,False,NO,,,,NOT_ATTEMPTED,,,Another target failed checkout; no attributes were changed. This target remains checked out.
2026-08-12T01:04:25,APPLY_APPROVED,DB_264MN032706A01_A_20260811_232337,31,264MN024176A01,A,@DB/264MN024176A01/A,COMPONENT_CLASS,component_class,WAEItem,COMPONENT_CLASS,String,TBC,TBC,NONE,YES,AQIL,BATCH_ABORTED_CHECKOUT,CHECKED_OUT,NONE,ALREADY_CHECKED_OUT,False,False,NO,,,,NOT_ATTEMPTED,,,Another target failed checkout; no attributes were changed. This target remains checked out.
2026-08-12T01:04:25,APPLY_APPROVED,DB_264MN032706A01_A_20260811_232337,31,264MN024176A01,A,@DB/264MN024176A01/A,LIFED,shelf_life_limited,WAEItem,LIFED,String,TBC,TBC,N,YES,AQIL,BATCH_ABORTED_CHECKOUT,CHECKED_OUT,NONE,ALREADY_CHECKED_OUT,False,False,NO,,,,NOT_ATTEMPTED,,,Another target failed checkout; no attributes were changed. This target remains checked out.
2026-08-12T01:04:25,APPLY_APPROVED,DB_264MN032706A01_A_20260811_232337,31,264MN024176A01,A,@DB/264MN024176A01/A,Temperature_Sensitive,temperature_sensitive,WAEItem,Temperature_Sensitive,String,TBC,TBC,N,YES,AQIL,BATCH_ABORTED_CHECKOUT,CHECKED_OUT,NONE,ALREADY_CHECKED_OUT,False,False,NO,,,,NOT_ATTEMPTED,,,Another target failed checkout; no attributes were changed. This target remains checked out.
2026-08-12T01:04:25,APPLY_APPROVED,DB_264MN032706A01_A_20260811_232337,31,264MN024176A01,A,@DB/264MN024176A01/A,Hazardous,hazardous,WAEItem,WAE_Hazardous,String,,,N,YES,AQIL,BATCH_ABORTED_CHECKOUT,CHECKED_OUT,NONE,ALREADY_CHECKED_OUT,False,False,NO,,,,NOT_ATTEMPTED,,,Another target failed checkout; no attributes were changed. This target remains checked out.
2026-08-12T01:04:25,APPLY_APPROVED,DB_264MN032706A01_A_20260811_232337,32,264MN028607A01,A,@DB/264MN028607A01/A,Mfr. Name,manufacturer,WAEItem,MFG,String,FABRIACATOR,FABRIACATOR,FABRICATOR,YES,AQIL,BATCH_ABORTED_CHECKOUT,CHECKED_OUT,NONE,ALREADY_CHECKED_OUT,False,False,NO,,,,NOT_ATTEMPTED,,,Another target failed checkout; no attributes were changed. This target remains checked out.
2026-08-12T01:04:25,APPLY_APPROVED,DB_264MN032706A01_A_20260811_232337,32,264MN028607A01,A,@DB/264MN028607A01/A,Reference Notes,stocking_type,WAEItem,Stocking_Type,String,REF,REF,BUY,YES,AQIL,BATCH_ABORTED_CHECKOUT,CHECKED_OUT,NONE,ALREADY_CHECKED_OUT,False,False,NO,,,,NOT_ATTEMPTED,,,Another target failed checkout; no attributes were changed. This target remains checked out.
2026-08-12T01:04:25,APPLY_APPROVED,DB_264MN032706A01_A_20260811_232337,32,264MN028607A01,A,@DB/264MN028607A01/A,WAE_VERSION,wae_version,WAEItem,WAE_VERSION,String,,,2,YES,AQIL,BATCH_ABORTED_CHECKOUT,CHECKED_OUT,NONE,ALREADY_CHECKED_OUT,False,False,NO,,,,NOT_ATTEMPTED,,,Another target failed checkout; no attributes were changed. This target remains checked out.
2026-08-12T01:04:25,APPLY_APPROVED,DB_264MN032706A01_A_20260811_232337,32,264MN028607A01,A,@DB/264MN028607A01/A,COMPONENT_CLASS,component_class,WAEItem,COMPONENT_CLASS,String,C,C,A,YES,AQIL,BATCH_ABORTED_CHECKOUT,CHECKED_OUT,NONE,ALREADY_CHECKED_OUT,False,False,NO,,,,NOT_ATTEMPTED,,,Another target failed checkout; no attributes were changed. This target remains checked out.
2026-08-12T01:04:25,APPLY_APPROVED,DB_264MN032706A01_A_20260811_232337,32,264MN028607A01,A,@DB/264MN028607A01/A,LIFED,shelf_life_limited,WAEItem,LIFED,String,TBC,TBC,N,YES,AQIL,BATCH_ABORTED_CHECKOUT,CHECKED_OUT,NONE,ALREADY_CHECKED_OUT,False,False,NO,,,,NOT_ATTEMPTED,,,Another target failed checkout; no attributes were changed. This target remains checked out.
2026-08-12T01:04:25,APPLY_APPROVED,DB_264MN032706A01_A_20260811_232337,32,264MN028607A01,A,@DB/264MN028607A01/A,Temperature_Sensitive,temperature_sensitive,WAEItem,Temperature_Sensitive,String,TBC,TBC,N,YES,AQIL,BATCH_ABORTED_CHECKOUT,CHECKED_OUT,NONE,ALREADY_CHECKED_OUT,False,False,NO,,,,NOT_ATTEMPTED,,,Another target failed checkout; no attributes were changed. This target remains checked out.
2026-08-12T01:04:25,APPLY_APPROVED,DB_264MN032706A01_A_20260811_232337,32,264MN028607A01,A,@DB/264MN028607A01/A,Hazardous,hazardous,WAEItem,WAE_Hazardous,String,,,N,YES,AQIL,BATCH_ABORTED_CHECKOUT,CHECKED_OUT,NONE,ALREADY_CHECKED_OUT,False,False,NO,,,,NOT_ATTEMPTED,,,Another target failed checkout; no attributes were changed. This target remains checked out.
2026-08-12T01:04:25,APPLY_APPROVED,DB_264MN032706A01_A_20260811_232337,33,264MN021288A01,A,@DB/264MN021288A01/A,WAE_VERSION,wae_version,WAEItem,WAE_VERSION,String,,,2,YES,AQIL,CHECKOUT_FAILED,CHECKED_OUT,NONE,FAILED,True,True,NO,,,,NOT_ATTEMPTED,,,Target is checked out but remains read-only. Checkout user: danial aiman (2dcf952ea3164c298d5cfa65ae36550e)
2026-08-12T01:04:25,APPLY_APPROVED,DB_264MN032706A01_A_20260811_232337,33,264MN021288A01,A,@DB/264MN021288A01/A,Temperature_Sensitive,temperature_sensitive,WAEItem,Temperature_Sensitive,String,TBC,TBC,N,YES,AQIL,CHECKOUT_FAILED,CHECKED_OUT,NONE,FAILED,True,True,NO,,,,NOT_ATTEMPTED,,,Target is checked out but remains read-only. Checkout user: danial aiman (2dcf952ea3164c298d5cfa65ae36550e)
2026-08-12T01:04:25,APPLY_APPROVED,DB_264MN032706A01_A_20260811_232337,33,264MN021288A01,A,@DB/264MN021288A01/A,Hazardous,hazardous,WAEItem,WAE_Hazardous,String,,,N,YES,AQIL,CHECKOUT_FAILED,CHECKED_OUT,NONE,FAILED,True,True,NO,,,,NOT_ATTEMPTED,,,Target is checked out but remains read-only. Checkout user: danial aiman (2dcf952ea3164c298d5cfa65ae36550e)
2026-08-12T01:04:25,APPLY_APPROVED,DB_264MN032706A01_A_20260811_232337,33,264MN021288A01,A,@DB/264MN021288A01/A,Commodity_Code,commodity_code,WAEItem,Commodity_Code,String,,,TBC,YES,AQIL,CHECKOUT_FAILED,CHECKED_OUT,NONE,FAILED,True,True,NO,,,,NOT_ATTEMPTED,,,Target is checked out but remains read-only. Checkout user: danial aiman (2dcf952ea3164c298d5cfa65ae36550e)
2026-08-12T01:04:25,APPLY_APPROVED,DB_264MN032706A01_A_20260811_232337,34,264MN024175A01,A,@DB/264MN024175A01/A,Reference Notes,stocking_type,WAEItem,Stocking_Type,String,BUY/REF,BUY/REF,REF,YES,AQIL,CHECKOUT_FAILED,CHECKED_OUT,NONE,FAILED,True,True,NO,,,,NOT_ATTEMPTED,,,Target is checked out but remains read-only. Checkout user: danial aiman (2dcf952ea3164c298d5cfa65ae36550e)
2026-08-12T01:04:25,APPLY_APPROVED,DB_264MN032706A01_A_20260811_232337,34,264MN024175A01,A,@DB/264MN024175A01/A,WAE_VERSION,wae_version,WAEItem,WAE_VERSION,String,,,1,YES,AQIL,CHECKOUT_FAILED,CHECKED_OUT,NONE,FAILED,True,True,NO,,,,NOT_ATTEMPTED,,,Target is checked out but remains read-only. Checkout user: danial aiman (2dcf952ea3164c298d5cfa65ae36550e)
2026-08-12T01:04:25,APPLY_APPROVED,DB_264MN032706A01_A_20260811_232337,34,264MN024175A01,A,@DB/264MN024175A01/A,NX_FINISH,finish,WAEItem,NX_FINISH,String,,,N/A,YES,AQIL,CHECKOUT_FAILED,CHECKED_OUT,NONE,FAILED,True,True,NO,,,,NOT_ATTEMPTED,,,Target is checked out but remains read-only. Checkout user: danial aiman (2dcf952ea3164c298d5cfa65ae36550e)
2026-08-12T01:04:25,APPLY_APPROVED,DB_264MN032706A01_A_20260811_232337,34,264MN024175A01,A,@DB/264MN024175A01/A,COMPONENT_CLASS,component_class,WAEItem,COMPONENT_CLASS,String,TBC,TBC,NONE,YES,AQIL,CHECKOUT_FAILED,CHECKED_OUT,NONE,FAILED,True,True,NO,,,,NOT_ATTEMPTED,,,Target is checked out but remains read-only. Checkout user: danial aiman (2dcf952ea3164c298d5cfa65ae36550e)
2026-08-12T01:04:25,APPLY_APPROVED,DB_264MN032706A01_A_20260811_232337,34,264MN024175A01,A,@DB/264MN024175A01/A,LIFED,shelf_life_limited,WAEItem,LIFED,String,TBC,TBC,N,YES,AQIL,CHECKOUT_FAILED,CHECKED_OUT,NONE,FAILED,True,True,NO,,,,NOT_ATTEMPTED,,,Target is checked out but remains read-only. Checkout user: danial aiman (2dcf952ea3164c298d5cfa65ae36550e)
2026-08-12T01:04:25,APPLY_APPROVED,DB_264MN032706A01_A_20260811_232337,34,264MN024175A01,A,@DB/264MN024175A01/A,Temperature_Sensitive,temperature_sensitive,WAEItem,Temperature_Sensitive,String,TBC,TBC,N,YES,AQIL,CHECKOUT_FAILED,CHECKED_OUT,NONE,FAILED,True,True,NO,,,,NOT_ATTEMPTED,,,Target is checked out but remains read-only. Checkout user: danial aiman (2dcf952ea3164c298d5cfa65ae36550e)
2026-08-12T01:04:25,APPLY_APPROVED,DB_264MN032706A01_A_20260811_232337,34,264MN024175A01,A,@DB/264MN024175A01/A,Hazardous,hazardous,WAEItem,WAE_Hazardous,String,,,N,YES,AQIL,CHECKOUT_FAILED,CHECKED_OUT,NONE,FAILED,True,True,NO,,,,NOT_ATTEMPTED,,,Target is checked out but remains read-only. Checkout user: danial aiman (2dcf952ea3164c298d5cfa65ae36550e)
2026-08-12T01:04:25,APPLY_APPROVED,DB_264MN032706A01_A_20260811_232337,35,264MN021289A01,A,@DB/264MN021289A01/A,WAE_VERSION,wae_version,WAEItem,WAE_VERSION,String,,,2,YES,AQIL,BATCH_ABORTED_CHECKOUT,CHECKED_OUT,NONE,ALREADY_CHECKED_OUT,False,False,NO,,,,NOT_ATTEMPTED,,,Another target failed checkout; no attributes were changed. This target remains checked out.
2026-08-12T01:04:25,APPLY_APPROVED,DB_264MN032706A01_A_20260811_232337,35,264MN021289A01,A,@DB/264MN021289A01/A,COMPONENT_CLASS,component_class,WAEItem,COMPONENT_CLASS,String,,,A,YES,AQIL,BATCH_ABORTED_CHECKOUT,CHECKED_OUT,NONE,ALREADY_CHECKED_OUT,False,False,NO,,,,NOT_ATTEMPTED,,,Another target failed checkout; no attributes were changed. This target remains checked out.
2026-08-12T01:04:25,APPLY_APPROVED,DB_264MN032706A01_A_20260811_232337,35,264MN021289A01,A,@DB/264MN021289A01/A,LIFED,shelf_life_limited,WAEItem,LIFED,String,,,N,YES,AQIL,BATCH_ABORTED_CHECKOUT,CHECKED_OUT,NONE,ALREADY_CHECKED_OUT,False,False,NO,,,,NOT_ATTEMPTED,,,Another target failed checkout; no attributes were changed. This target remains checked out.
2026-08-12T01:04:25,APPLY_APPROVED,DB_264MN032706A01_A_20260811_232337,35,264MN021289A01,A,@DB/264MN021289A01/A,Temperature_Sensitive,temperature_sensitive,WAEItem,Temperature_Sensitive,String,TBC,TBC,N,YES,AQIL,BATCH_ABORTED_CHECKOUT,CHECKED_OUT,NONE,ALREADY_CHECKED_OUT,False,False,NO,,,,NOT_ATTEMPTED,,,Another target failed checkout; no attributes were changed. This target remains checked out.
2026-08-12T01:04:25,APPLY_APPROVED,DB_264MN032706A01_A_20260811_232337,35,264MN021289A01,A,@DB/264MN021289A01/A,Hazardous,hazardous,WAEItem,WAE_Hazardous,String,,,N,YES,AQIL,BATCH_ABORTED_CHECKOUT,CHECKED_OUT,NONE,ALREADY_CHECKED_OUT,False,False,NO,,,,NOT_ATTEMPTED,,,Another target failed checkout; no attributes were changed. This target remains checked out.
2026-08-12T01:04:25,APPLY_APPROVED,DB_264MN032706A01_A_20260811_232337,36,264MN021385A01,A,@DB/264MN021385A01/A,WAE_VERSION,wae_version,WAEItem,WAE_VERSION,String,,,2,YES,AQIL,BATCH_ABORTED_CHECKOUT,CHECKED_OUT,NONE,ALREADY_CHECKED_OUT,False,False,NO,,,,NOT_ATTEMPTED,,,Another target failed checkout; no attributes were changed. This target remains checked out.
2026-08-12T01:04:25,APPLY_APPROVED,DB_264MN032706A01_A_20260811_232337,36,264MN021385A01,A,@DB/264MN021385A01/A,COMPONENT_CLASS,component_class,WAEItem,COMPONENT_CLASS,String,,,C,YES,AQIL,BATCH_ABORTED_CHECKOUT,CHECKED_OUT,NONE,ALREADY_CHECKED_OUT,False,False,NO,,,,NOT_ATTEMPTED,,,Another target failed checkout; no attributes were changed. This target remains checked out.
2026-08-12T01:04:25,APPLY_APPROVED,DB_264MN032706A01_A_20260811_232337,36,264MN021385A01,A,@DB/264MN021385A01/A,LIFED,shelf_life_limited,WAEItem,LIFED,String,TBC,TBC,N,YES,AQIL,BATCH_ABORTED_CHECKOUT,CHECKED_OUT,NONE,ALREADY_CHECKED_OUT,False,False,NO,,,,NOT_ATTEMPTED,,,Another target failed checkout; no attributes were changed. This target remains checked out.
2026-08-12T01:04:25,APPLY_APPROVED,DB_264MN032706A01_A_20260811_232337,36,264MN021385A01,A,@DB/264MN021385A01/A,Temperature_Sensitive,temperature_sensitive,WAEItem,Temperature_Sensitive,String,TBC,TBC,N,YES,AQIL,BATCH_ABORTED_CHECKOUT,CHECKED_OUT,NONE,ALREADY_CHECKED_OUT,False,False,NO,,,,NOT_ATTEMPTED,,,Another target failed checkout; no attributes were changed. This target remains checked out.
2026-08-12T01:04:25,APPLY_APPROVED,DB_264MN032706A01_A_20260811_232337,36,264MN021385A01,A,@DB/264MN021385A01/A,Hazardous,hazardous,WAEItem,WAE_Hazardous,String,,,N,YES,AQIL,BATCH_ABORTED_CHECKOUT,CHECKED_OUT,NONE,ALREADY_CHECKED_OUT,False,False,NO,,,,NOT_ATTEMPTED,,,Another target failed checkout; no attributes were changed. This target remains checked out.
2026-08-12T01:04:25,APPLY_APPROVED,DB_264MN032706A01_A_20260811_232337,37,264MN021472A01,A,@DB/264MN021472A01/A,WAE_VERSION,wae_version,WAEItem,WAE_VERSION,String,,,2,YES,AQIL,CHECKOUT_FAILED,CHECKED_OUT,NONE,FAILED,True,True,NO,,,,NOT_ATTEMPTED,,,Target is checked out but remains read-only. Checkout user: danial aiman (2dcf952ea3164c298d5cfa65ae36550e)
2026-08-12T01:04:25,APPLY_APPROVED,DB_264MN032706A01_A_20260811_232337,37,264MN021472A01,A,@DB/264MN021472A01/A,LIFED,shelf_life_limited,WAEItem,LIFED,String,TBC,TBC,N,YES,AQIL,CHECKOUT_FAILED,CHECKED_OUT,NONE,FAILED,True,True,NO,,,,NOT_ATTEMPTED,,,Target is checked out but remains read-only. Checkout user: danial aiman (2dcf952ea3164c298d5cfa65ae36550e)
2026-08-12T01:04:25,APPLY_APPROVED,DB_264MN032706A01_A_20260811_232337,37,264MN021472A01,A,@DB/264MN021472A01/A,Temperature_Sensitive,temperature_sensitive,WAEItem,Temperature_Sensitive,String,TBC,TBC,N,YES,AQIL,CHECKOUT_FAILED,CHECKED_OUT,NONE,FAILED,True,True,NO,,,,NOT_ATTEMPTED,,,Target is checked out but remains read-only. Checkout user: danial aiman (2dcf952ea3164c298d5cfa65ae36550e)
2026-08-12T01:04:25,APPLY_APPROVED,DB_264MN032706A01_A_20260811_232337,37,264MN021472A01,A,@DB/264MN021472A01/A,Hazardous,hazardous,WAEItem,WAE_Hazardous,String,,,N,YES,AQIL,CHECKOUT_FAILED,CHECKED_OUT,NONE,FAILED,True,True,NO,,,,NOT_ATTEMPTED,,,Target is checked out but remains read-only. Checkout user: danial aiman (2dcf952ea3164c298d5cfa65ae36550e)
2026-08-12T01:04:25,APPLY_APPROVED,DB_264MN032706A01_A_20260811_232337,38,264MN021285A01,A,@DB/264MN021285A01/A,WAE_VERSION,wae_version,WAEItem,WAE_VERSION,String,,,2,YES,AQIL,BATCH_ABORTED_CHECKOUT,CHECKED_OUT,NONE,ALREADY_CHECKED_OUT,False,False,NO,,,,NOT_ATTEMPTED,,,Another target failed checkout; no attributes were changed. This target remains checked out.
2026-08-12T01:04:25,APPLY_APPROVED,DB_264MN032706A01_A_20260811_232337,38,264MN021285A01,A,@DB/264MN021285A01/A,COMPONENT_CLASS,component_class,WAEItem,COMPONENT_CLASS,String,C,C,A,YES,AQIL,BATCH_ABORTED_CHECKOUT,CHECKED_OUT,NONE,ALREADY_CHECKED_OUT,False,False,NO,,,,NOT_ATTEMPTED,,,Another target failed checkout; no attributes were changed. This target remains checked out.
2026-08-12T01:04:25,APPLY_APPROVED,DB_264MN032706A01_A_20260811_232337,38,264MN021285A01,A,@DB/264MN021285A01/A,Temperature_Sensitive,temperature_sensitive,WAEItem,Temperature_Sensitive,String,TBC,TBC,N,YES,AQIL,BATCH_ABORTED_CHECKOUT,CHECKED_OUT,NONE,ALREADY_CHECKED_OUT,False,False,NO,,,,NOT_ATTEMPTED,,,Another target failed checkout; no attributes were changed. This target remains checked out.
2026-08-12T01:04:25,APPLY_APPROVED,DB_264MN032706A01_A_20260811_232337,38,264MN021285A01,A,@DB/264MN021285A01/A,Hazardous,hazardous,WAEItem,WAE_Hazardous,String,,,N,YES,AQIL,BATCH_ABORTED_CHECKOUT,CHECKED_OUT,NONE,ALREADY_CHECKED_OUT,False,False,NO,,,,NOT_ATTEMPTED,,,Another target failed checkout; no attributes were changed. This target remains checked out.
2026-08-12T01:04:25,APPLY_APPROVED,DB_264MN032706A01_A_20260811_232337,39,264MN021281A01,A,@DB/264MN021281A01/A,WAE_VERSION,wae_version,WAEItem,WAE_VERSION,String,,,2,YES,AQIL,BATCH_ABORTED_CHECKOUT,CHECKED_OUT,NONE,ALREADY_CHECKED_OUT,False,False,NO,,,,NOT_ATTEMPTED,,,Another target failed checkout; no attributes were changed. This target remains checked out.
2026-08-12T01:04:25,APPLY_APPROVED,DB_264MN032706A01_A_20260811_232337,39,264MN021281A01,A,@DB/264MN021281A01/A,COMPONENT_CLASS,component_class,WAEItem,COMPONENT_CLASS,String,C,C,A,YES,AQIL,BATCH_ABORTED_CHECKOUT,CHECKED_OUT,NONE,ALREADY_CHECKED_OUT,False,False,NO,,,,NOT_ATTEMPTED,,,Another target failed checkout; no attributes were changed. This target remains checked out.
2026-08-12T01:04:25,APPLY_APPROVED,DB_264MN032706A01_A_20260811_232337,39,264MN021281A01,A,@DB/264MN021281A01/A,Temperature_Sensitive,temperature_sensitive,WAEItem,Temperature_Sensitive,String,TBC,TBC,N,YES,AQIL,BATCH_ABORTED_CHECKOUT,CHECKED_OUT,NONE,ALREADY_CHECKED_OUT,False,False,NO,,,,NOT_ATTEMPTED,,,Another target failed checkout; no attributes were changed. This target remains checked out.
2026-08-12T01:04:25,APPLY_APPROVED,DB_264MN032706A01_A_20260811_232337,39,264MN021281A01,A,@DB/264MN021281A01/A,Hazardous,hazardous,WAEItem,WAE_Hazardous,String,,,N,YES,AQIL,BATCH_ABORTED_CHECKOUT,CHECKED_OUT,NONE,ALREADY_CHECKED_OUT,False,False,NO,,,,NOT_ATTEMPTED,,,Another target failed checkout; no attributes were changed. This target remains checked out.
2026-08-12T01:04:25,APPLY_APPROVED,DB_264MN032706A01_A_20260811_232337,40,264MN033054A01,A,@DB/264MN033054A01/A,LIFED,shelf_life_limited,WAEItem,LIFED,String,TBC,TBC,N,YES,AQIL,CHECKOUT_FAILED,CHECKED_OUT,NONE,FAILED,True,True,NO,,,,NOT_ATTEMPTED,,,Target is checked out but remains read-only. Checkout user: danial aiman (2dcf952ea3164c298d5cfa65ae36550e)
2026-08-12T01:04:25,APPLY_APPROVED,DB_264MN032706A01_A_20260811_232337,40,264MN033054A01,A,@DB/264MN033054A01/A,Temperature_Sensitive,temperature_sensitive,WAEItem,Temperature_Sensitive,String,TBC,TBC,N,YES,AQIL,CHECKOUT_FAILED,CHECKED_OUT,NONE,FAILED,True,True,NO,,,,NOT_ATTEMPTED,,,Target is checked out but remains read-only. Checkout user: danial aiman (2dcf952ea3164c298d5cfa65ae36550e)
2026-08-12T01:04:25,APPLY_APPROVED,DB_264MN032706A01_A_20260811_232337,41,264MN021476A01,A,@DB/264MN021476A01/A,Temperature_Sensitive,temperature_sensitive,WAEItem,Temperature_Sensitive,String,TBC,TBC,N,YES,AQIL,BATCH_ABORTED_CHECKOUT,CHECKED_OUT,NONE,ALREADY_CHECKED_OUT,False,False,NO,,,,NOT_ATTEMPTED,,,Another target failed checkout; no attributes were changed. This target remains checked out.
2026-08-12T01:04:25,APPLY_APPROVED,DB_264MN032706A01_A_20260811_232337,42,264MN021474A01,A,@DB/264MN021474A01/A,WAE_VERSION,wae_version,WAEItem,WAE_VERSION,String,,,2,YES,AQIL,BATCH_ABORTED_CHECKOUT,CHECKED_OUT,NONE,ALREADY_CHECKED_OUT,False,False,NO,,,,NOT_ATTEMPTED,,,Another target failed checkout; no attributes were changed. This target remains checked out.
2026-08-12T01:04:25,APPLY_APPROVED,DB_264MN032706A01_A_20260811_232337,42,264MN021474A01,A,@DB/264MN021474A01/A,NX_FINISH,finish,WAEItem,NX_FINISH,String,TBC,TBC,N/A,YES,AQIL,BATCH_ABORTED_CHECKOUT,CHECKED_OUT,NONE,ALREADY_CHECKED_OUT,False,False,NO,,,,NOT_ATTEMPTED,,,Another target failed checkout; no attributes were changed. This target remains checked out.
2026-08-12T01:04:25,APPLY_APPROVED,DB_264MN032706A01_A_20260811_232337,42,264MN021474A01,A,@DB/264MN021474A01/A,COMPONENT_CLASS,component_class,WAEItem,COMPONENT_CLASS,String,C,C,A,YES,AQIL,BATCH_ABORTED_CHECKOUT,CHECKED_OUT,NONE,ALREADY_CHECKED_OUT,False,False,NO,,,,NOT_ATTEMPTED,,,Another target failed checkout; no attributes were changed. This target remains checked out.
2026-08-12T01:04:25,APPLY_APPROVED,DB_264MN032706A01_A_20260811_232337,42,264MN021474A01,A,@DB/264MN021474A01/A,Temperature_Sensitive,temperature_sensitive,WAEItem,Temperature_Sensitive,String,TBC,TBC,N,YES,AQIL,BATCH_ABORTED_CHECKOUT,CHECKED_OUT,NONE,ALREADY_CHECKED_OUT,False,False,NO,,,,NOT_ATTEMPTED,,,Another target failed checkout; no attributes were changed. This target remains checked out.
2026-08-12T01:04:25,APPLY_APPROVED,DB_264MN032706A01_A_20260811_232337,42,264MN021474A01,A,@DB/264MN021474A01/A,Hazardous,hazardous,WAEItem,WAE_Hazardous,String,,,N,YES,AQIL,BATCH_ABORTED_CHECKOUT,CHECKED_OUT,NONE,ALREADY_CHECKED_OUT,False,False,NO,,,,NOT_ATTEMPTED,,,Another target failed checkout; no attributes were changed. This target remains checked out.
2026-08-12T01:04:25,APPLY_APPROVED,DB_264MN032706A01_A_20260811_232337,43,264MN021336A01,A,@DB/264MN021336A01/A,WAE_VERSION,wae_version,WAEItem,WAE_VERSION,String,,,1,YES,AQIL,CHECKOUT_FAILED,CHECKED_OUT,NONE,FAILED,True,True,NO,,,,NOT_ATTEMPTED,,,Target is checked out but remains read-only. Checkout user: danial aiman (2dcf952ea3164c298d5cfa65ae36550e)
2026-08-12T01:04:25,APPLY_APPROVED,DB_264MN032706A01_A_20260811_232337,43,264MN021336A01,A,@DB/264MN021336A01/A,NX_FINISH,finish,WAEItem,NX_FINISH,String,,,N/A,YES,AQIL,CHECKOUT_FAILED,CHECKED_OUT,NONE,FAILED,True,True,NO,,,,NOT_ATTEMPTED,,,Target is checked out but remains read-only. Checkout user: danial aiman (2dcf952ea3164c298d5cfa65ae36550e)
2026-08-12T01:04:25,APPLY_APPROVED,DB_264MN032706A01_A_20260811_232337,43,264MN021336A01,A,@DB/264MN021336A01/A,COMPONENT_CLASS,component_class,WAEItem,COMPONENT_CLASS,String,TBC,TBC,NONE,YES,AQIL,CHECKOUT_FAILED,CHECKED_OUT,NONE,FAILED,True,True,NO,,,,NOT_ATTEMPTED,,,Target is checked out but remains read-only. Checkout user: danial aiman (2dcf952ea3164c298d5cfa65ae36550e)
2026-08-12T01:04:25,APPLY_APPROVED,DB_264MN032706A01_A_20260811_232337,43,264MN021336A01,A,@DB/264MN021336A01/A,LIFED,shelf_life_limited,WAEItem,LIFED,String,TBC,TBC,N,YES,AQIL,CHECKOUT_FAILED,CHECKED_OUT,NONE,FAILED,True,True,NO,,,,NOT_ATTEMPTED,,,Target is checked out but remains read-only. Checkout user: danial aiman (2dcf952ea3164c298d5cfa65ae36550e)
2026-08-12T01:04:25,APPLY_APPROVED,DB_264MN032706A01_A_20260811_232337,43,264MN021336A01,A,@DB/264MN021336A01/A,Temperature_Sensitive,temperature_sensitive,WAEItem,Temperature_Sensitive,String,TBC,TBC,N,YES,AQIL,CHECKOUT_FAILED,CHECKED_OUT,NONE,FAILED,True,True,NO,,,,NOT_ATTEMPTED,,,Target is checked out but remains read-only. Checkout user: danial aiman (2dcf952ea3164c298d5cfa65ae36550e)
2026-08-12T01:04:25,APPLY_APPROVED,DB_264MN032706A01_A_20260811_232337,43,264MN021336A01,A,@DB/264MN021336A01/A,Hazardous,hazardous,WAEItem,WAE_Hazardous,String,,,N,YES,AQIL,CHECKOUT_FAILED,CHECKED_OUT,NONE,FAILED,True,True,NO,,,,NOT_ATTEMPTED,,,Target is checked out but remains read-only. Checkout user: danial aiman (2dcf952ea3164c298d5cfa65ae36550e)
2026-08-12T01:04:25,APPLY_APPROVED,DB_264MN032706A01_A_20260811_232337,44,264MN024615A01,A,@DB/264MN024615A01/A,Reference Notes,stocking_type,WAEItem,Stocking_Type,String,REF,REF,BUY,YES,AQIL,CHECKOUT_FAILED,CHECKED_OUT,NONE,FAILED,True,True,NO,,,,NOT_ATTEMPTED,,,Target is checked out but remains read-only. Checkout user: danial aiman (2dcf952ea3164c298d5cfa65ae36550e)
2026-08-12T01:04:25,APPLY_APPROVED,DB_264MN032706A01_A_20260811_232337,44,264MN024615A01,A,@DB/264MN024615A01/A,WAE_VERSION,wae_version,WAEItem,WAE_VERSION,String,,,1,YES,AQIL,CHECKOUT_FAILED,CHECKED_OUT,NONE,FAILED,True,True,NO,,,,NOT_ATTEMPTED,,,Target is checked out but remains read-only. Checkout user: danial aiman (2dcf952ea3164c298d5cfa65ae36550e)
2026-08-12T01:04:25,APPLY_APPROVED,DB_264MN032706A01_A_20260811_232337,44,264MN024615A01,A,@DB/264MN024615A01/A,NX_FINISH,finish,WAEItem,NX_FINISH,String,,,N/A,YES,AQIL,CHECKOUT_FAILED,CHECKED_OUT,NONE,FAILED,True,True,NO,,,,NOT_ATTEMPTED,,,Target is checked out but remains read-only. Checkout user: danial aiman (2dcf952ea3164c298d5cfa65ae36550e)
2026-08-12T01:04:25,APPLY_APPROVED,DB_264MN032706A01_A_20260811_232337,44,264MN024615A01,A,@DB/264MN024615A01/A,COMPONENT_CLASS,component_class,WAEItem,COMPONENT_CLASS,String,TBC,TBC,NONE,YES,AQIL,CHECKOUT_FAILED,CHECKED_OUT,NONE,FAILED,True,True,NO,,,,NOT_ATTEMPTED,,,Target is checked out but remains read-only. Checkout user: danial aiman (2dcf952ea3164c298d5cfa65ae36550e)
2026-08-12T01:04:25,APPLY_APPROVED,DB_264MN032706A01_A_20260811_232337,44,264MN024615A01,A,@DB/264MN024615A01/A,LIFED,shelf_life_limited,WAEItem,LIFED,String,TBC,TBC,N,YES,AQIL,CHECKOUT_FAILED,CHECKED_OUT,NONE,FAILED,True,True,NO,,,,NOT_ATTEMPTED,,,Target is checked out but remains read-only. Checkout user: danial aiman (2dcf952ea3164c298d5cfa65ae36550e)
2026-08-12T01:04:25,APPLY_APPROVED,DB_264MN032706A01_A_20260811_232337,44,264MN024615A01,A,@DB/264MN024615A01/A,Temperature_Sensitive,temperature_sensitive,WAEItem,Temperature_Sensitive,String,TBC,TBC,N,YES,AQIL,CHECKOUT_FAILED,CHECKED_OUT,NONE,FAILED,True,True,NO,,,,NOT_ATTEMPTED,,,Target is checked out but remains read-only. Checkout user: danial aiman (2dcf952ea3164c298d5cfa65ae36550e)
2026-08-12T01:04:25,APPLY_APPROVED,DB_264MN032706A01_A_20260811_232337,44,264MN024615A01,A,@DB/264MN024615A01/A,Hazardous,hazardous,WAEItem,WAE_Hazardous,String,,,N,YES,AQIL,CHECKOUT_FAILED,CHECKED_OUT,NONE,FAILED,True,True,NO,,,,NOT_ATTEMPTED,,,Target is checked out but remains read-only. Checkout user: danial aiman (2dcf952ea3164c298d5cfa65ae36550e)
2026-08-12T01:04:25,APPLY_APPROVED,DB_264MN032706A01_A_20260811_232337,45,264MN021261A01,A,@DB/264MN021261A01/A,Reference Notes,stocking_type,WAEItem,Stocking_Type,String,REF,REF,BUY,YES,AQIL,CHECKOUT_FAILED,CHECKED_OUT,NONE,FAILED,True,True,NO,,,,NOT_ATTEMPTED,,,Target is checked out but remains read-only. Checkout user: danial aiman (2dcf952ea3164c298d5cfa65ae36550e)
2026-08-12T01:04:25,APPLY_APPROVED,DB_264MN032706A01_A_20260811_232337,45,264MN021261A01,A,@DB/264MN021261A01/A,WAE_VERSION,wae_version,WAEItem,WAE_VERSION,String,,,1,YES,AQIL,CHECKOUT_FAILED,CHECKED_OUT,NONE,FAILED,True,True,NO,,,,NOT_ATTEMPTED,,,Target is checked out but remains read-only. Checkout user: danial aiman (2dcf952ea3164c298d5cfa65ae36550e)
2026-08-12T01:04:25,APPLY_APPROVED,DB_264MN032706A01_A_20260811_232337,45,264MN021261A01,A,@DB/264MN021261A01/A,NX_FINISH,finish,WAEItem,NX_FINISH,String,,,N/A,YES,AQIL,CHECKOUT_FAILED,CHECKED_OUT,NONE,FAILED,True,True,NO,,,,NOT_ATTEMPTED,,,Target is checked out but remains read-only. Checkout user: danial aiman (2dcf952ea3164c298d5cfa65ae36550e)
2026-08-12T01:04:25,APPLY_APPROVED,DB_264MN032706A01_A_20260811_232337,45,264MN021261A01,A,@DB/264MN021261A01/A,COMPONENT_CLASS,component_class,WAEItem,COMPONENT_CLASS,String,TBC,TBC,NONE,YES,AQIL,CHECKOUT_FAILED,CHECKED_OUT,NONE,FAILED,True,True,NO,,,,NOT_ATTEMPTED,,,Target is checked out but remains read-only. Checkout user: danial aiman (2dcf952ea3164c298d5cfa65ae36550e)
2026-08-12T01:04:25,APPLY_APPROVED,DB_264MN032706A01_A_20260811_232337,45,264MN021261A01,A,@DB/264MN021261A01/A,LIFED,shelf_life_limited,WAEItem,LIFED,String,TBC,TBC,N,YES,AQIL,CHECKOUT_FAILED,CHECKED_OUT,NONE,FAILED,True,True,NO,,,,NOT_ATTEMPTED,,,Target is checked out but remains read-only. Checkout user: danial aiman (2dcf952ea3164c298d5cfa65ae36550e)
2026-08-12T01:04:25,APPLY_APPROVED,DB_264MN032706A01_A_20260811_232337,45,264MN021261A01,A,@DB/264MN021261A01/A,Temperature_Sensitive,temperature_sensitive,WAEItem,Temperature_Sensitive,String,TBC,TBC,N,YES,AQIL,CHECKOUT_FAILED,CHECKED_OUT,NONE,FAILED,True,True,NO,,,,NOT_ATTEMPTED,,,Target is checked out but remains read-only. Checkout user: danial aiman (2dcf952ea3164c298d5cfa65ae36550e)
2026-08-12T01:04:25,APPLY_APPROVED,DB_264MN032706A01_A_20260811_232337,45,264MN021261A01,A,@DB/264MN021261A01/A,Hazardous,hazardous,WAEItem,WAE_Hazardous,String,,,N,YES,AQIL,CHECKOUT_FAILED,CHECKED_OUT,NONE,FAILED,True,True,NO,,,,NOT_ATTEMPTED,,,Target is checked out but remains read-only. Checkout user: danial aiman (2dcf952ea3164c298d5cfa65ae36550e)
2026-08-12T01:04:25,APPLY_APPROVED,DB_264MN032706A01_A_20260811_232337,46,264MN021258A01,A,@DB/264MN021258A01/A,UOM,uom,WAEItem,Unit_Of_Measure,String,TBC,,ea,NO,,SKIPPED_NOT_APPROVED,,,,,,NO,,,,,,,Row changes are not approved.
2026-08-12T01:04:25,APPLY_APPROVED,DB_264MN032706A01_A_20260811_232337,46,264MN021258A01,A,@DB/264MN021258A01/A,Mfr. Name,manufacturer,WAEItem,MFG,String,,,FABRICATOR,NO,,SKIPPED_NOT_APPROVED,,,,,,NO,,,,,,,Row changes are not approved.
2026-08-12T01:04:25,APPLY_APPROVED,DB_264MN032706A01_A_20260811_232337,46,264MN021258A01,A,@DB/264MN021258A01/A,Mfr. Part Number,manufacturer_part_number,WAEItem,MPN,String,,,264MN021258A01,NO,,SKIPPED_NOT_APPROVED,,,,,,NO,,,,,,,Row changes are not approved.
2026-08-12T01:04:25,APPLY_APPROVED,DB_264MN032706A01_A_20260811_232337,47,264MN021259A01,A,@DB/264MN021259A01/A,UOM,uom,WAEItem,Unit_Of_Measure,String,TBC,,ea,NO,,SKIPPED_NOT_APPROVED,,,,,,NO,,,,,,,Row changes are not approved.
2026-08-12T01:04:25,APPLY_APPROVED,DB_264MN032706A01_A_20260811_232337,47,264MN021259A01,A,@DB/264MN021259A01/A,Mfr. Name,manufacturer,WAEItem,MFG,String,,,FABRICATOR,NO,,SKIPPED_NOT_APPROVED,,,,,,NO,,,,,,,Row changes are not approved.
2026-08-12T01:04:25,APPLY_APPROVED,DB_264MN032706A01_A_20260811_232337,47,264MN021259A01,A,@DB/264MN021259A01/A,Mfr. Part Number,manufacturer_part_number,WAEItem,MPN,String,,,264MN021259A01,NO,,SKIPPED_NOT_APPROVED,,,,,,NO,,,,,,,Row changes are not approved.
2026-08-12T01:04:25,APPLY_APPROVED,DB_264MN032706A01_A_20260811_232337,48,264MN021260A01,A,@DB/264MN021260A01/A,UOM,uom,WAEItem,Unit_Of_Measure,String,TBC,,ea,NO,,SKIPPED_NOT_APPROVED,,,,,,NO,,,,,,,Row changes are not approved.
2026-08-12T01:04:25,APPLY_APPROVED,DB_264MN032706A01_A_20260811_232337,48,264MN021260A01,A,@DB/264MN021260A01/A,Mfr. Name,manufacturer,WAEItem,MFG,String,,,FABRICATOR,NO,,SKIPPED_NOT_APPROVED,,,,,,NO,,,,,,,Row changes are not approved.
2026-08-12T01:04:25,APPLY_APPROVED,DB_264MN032706A01_A_20260811_232337,48,264MN021260A01,A,@DB/264MN021260A01/A,Mfr. Part Number,manufacturer_part_number,WAEItem,MPN,String,,,264MN021260A01,NO,,SKIPPED_NOT_APPROVED,,,,,,NO,,,,,,,Row changes are not approved.
2026-08-12T01:04:25,APPLY_APPROVED,DB_264MN032706A01_A_20260811_232337,49,264MN021482A01,A,@DB/264MN021482A01/A,Reference Notes,stocking_type,WAEItem,Stocking_Type,String,REF,REF,BUY,YES,AQIL,BATCH_ABORTED_CHECKOUT,CHECKED_OUT,NONE,ALREADY_CHECKED_OUT,False,False,NO,,,,NOT_ATTEMPTED,,,Another target failed checkout; no attributes were changed. This target remains checked out.
2026-08-12T01:04:25,APPLY_APPROVED,DB_264MN032706A01_A_20260811_232337,49,264MN021482A01,A,@DB/264MN021482A01/A,WAE_VERSION,wae_version,WAEItem,WAE_VERSION,String,,,2,YES,AQIL,BATCH_ABORTED_CHECKOUT,CHECKED_OUT,NONE,ALREADY_CHECKED_OUT,False,False,NO,,,,NOT_ATTEMPTED,,,Another target failed checkout; no attributes were changed. This target remains checked out.
2026-08-12T01:04:25,APPLY_APPROVED,DB_264MN032706A01_A_20260811_232337,49,264MN021482A01,A,@DB/264MN021482A01/A,NX_FINISH,finish,WAEItem,NX_FINISH,String,N,N,N/A,YES,AQIL,BATCH_ABORTED_CHECKOUT,CHECKED_OUT,NONE,ALREADY_CHECKED_OUT,False,False,NO,,,,NOT_ATTEMPTED,,,Another target failed checkout; no attributes were changed. This target remains checked out.
2026-08-12T01:04:25,APPLY_APPROVED,DB_264MN032706A01_A_20260811_232337,49,264MN021482A01,A,@DB/264MN021482A01/A,LIFED,shelf_life_limited,WAEItem,LIFED,String,TBC,TBC,N,YES,AQIL,BATCH_ABORTED_CHECKOUT,CHECKED_OUT,NONE,ALREADY_CHECKED_OUT,False,False,NO,,,,NOT_ATTEMPTED,,,Another target failed checkout; no attributes were changed. This target remains checked out.
2026-08-12T01:04:25,APPLY_APPROVED,DB_264MN032706A01_A_20260811_232337,49,264MN021482A01,A,@DB/264MN021482A01/A,Temperature_Sensitive,temperature_sensitive,WAEItem,Temperature_Sensitive,String,TBC,TBC,N,YES,AQIL,BATCH_ABORTED_CHECKOUT,CHECKED_OUT,NONE,ALREADY_CHECKED_OUT,False,False,NO,,,,NOT_ATTEMPTED,,,Another target failed checkout; no attributes were changed. This target remains checked out.
2026-08-12T01:04:25,APPLY_APPROVED,DB_264MN032706A01_A_20260811_232337,49,264MN021482A01,A,@DB/264MN021482A01/A,Hazardous,hazardous,WAEItem,WAE_Hazardous,String,,,N,YES,AQIL,BATCH_ABORTED_CHECKOUT,CHECKED_OUT,NONE,ALREADY_CHECKED_OUT,False,False,NO,,,,NOT_ATTEMPTED,,,Another target failed checkout; no attributes were changed. This target remains checked out.
2026-08-12T01:04:25,APPLY_APPROVED,DB_264MN032706A01_A_20260811_232337,50,264MN021403A01,A,@DB/264MN021403A01/A,Reference Notes,stocking_type,WAEItem,Stocking_Type,String,REF,REF,BUY,YES,AQIL,CHECKOUT_FAILED,CHECKED_OUT,NONE,FAILED,True,True,NO,,,,NOT_ATTEMPTED,,,Target is checked out but remains read-only. Checkout user: danial aiman (2dcf952ea3164c298d5cfa65ae36550e)
2026-08-12T01:04:25,APPLY_APPROVED,DB_264MN032706A01_A_20260811_232337,50,264MN021403A01,A,@DB/264MN021403A01/A,WAE_VERSION,wae_version,WAEItem,WAE_VERSION,String,,,1,YES,AQIL,CHECKOUT_FAILED,CHECKED_OUT,NONE,FAILED,True,True,NO,,,,NOT_ATTEMPTED,,,Target is checked out but remains read-only. Checkout user: danial aiman (2dcf952ea3164c298d5cfa65ae36550e)
2026-08-12T01:04:25,APPLY_APPROVED,DB_264MN032706A01_A_20260811_232337,50,264MN021403A01,A,@DB/264MN021403A01/A,NX_FINISH,finish,WAEItem,NX_FINISH,String,,,N/A,YES,AQIL,CHECKOUT_FAILED,CHECKED_OUT,NONE,FAILED,True,True,NO,,,,NOT_ATTEMPTED,,,Target is checked out but remains read-only. Checkout user: danial aiman (2dcf952ea3164c298d5cfa65ae36550e)
2026-08-12T01:04:25,APPLY_APPROVED,DB_264MN032706A01_A_20260811_232337,50,264MN021403A01,A,@DB/264MN021403A01/A,COMPONENT_CLASS,component_class,WAEItem,COMPONENT_CLASS,String,TBC,TBC,NONE,YES,AQIL,CHECKOUT_FAILED,CHECKED_OUT,NONE,FAILED,True,True,NO,,,,NOT_ATTEMPTED,,,Target is checked out but remains read-only. Checkout user: danial aiman (2dcf952ea3164c298d5cfa65ae36550e)
2026-08-12T01:04:25,APPLY_APPROVED,DB_264MN032706A01_A_20260811_232337,50,264MN021403A01,A,@DB/264MN021403A01/A,LIFED,shelf_life_limited,WAEItem,LIFED,String,TBC,TBC,N,YES,AQIL,CHECKOUT_FAILED,CHECKED_OUT,NONE,FAILED,True,True,NO,,,,NOT_ATTEMPTED,,,Target is checked out but remains read-only. Checkout user: danial aiman (2dcf952ea3164c298d5cfa65ae36550e)
2026-08-12T01:04:25,APPLY_APPROVED,DB_264MN032706A01_A_20260811_232337,50,264MN021403A01,A,@DB/264MN021403A01/A,Temperature_Sensitive,temperature_sensitive,WAEItem,Temperature_Sensitive,String,TBC,TBC,N,YES,AQIL,CHECKOUT_FAILED,CHECKED_OUT,NONE,FAILED,True,True,NO,,,,NOT_ATTEMPTED,,,Target is checked out but remains read-only. Checkout user: danial aiman (2dcf952ea3164c298d5cfa65ae36550e)
2026-08-12T01:04:25,APPLY_APPROVED,DB_264MN032706A01_A_20260811_232337,50,264MN021403A01,A,@DB/264MN021403A01/A,Hazardous,hazardous,WAEItem,WAE_Hazardous,String,,,N,YES,AQIL,CHECKOUT_FAILED,CHECKED_OUT,NONE,FAILED,True,True,NO,,,,NOT_ATTEMPTED,,,Target is checked out but remains read-only. Checkout user: danial aiman (2dcf952ea3164c298d5cfa65ae36550e)
2026-08-12T01:04:25,APPLY_APPROVED,DB_264MN032706A01_A_20260811_232337,51,264MN021404A01,A,@DB/264MN021404A01/A,Reference Notes,stocking_type,WAEItem,Stocking_Type,String,REF,REF,BUY,YES,AQIL,CHECKOUT_FAILED,CHECKED_OUT,NONE,FAILED,True,True,NO,,,,NOT_ATTEMPTED,,,Target is checked out but remains read-only. Checkout user: danial aiman (2dcf952ea3164c298d5cfa65ae36550e)
2026-08-12T01:04:25,APPLY_APPROVED,DB_264MN032706A01_A_20260811_232337,51,264MN021404A01,A,@DB/264MN021404A01/A,WAE_VERSION,wae_version,WAEItem,WAE_VERSION,String,,,1,YES,AQIL,CHECKOUT_FAILED,CHECKED_OUT,NONE,FAILED,True,True,NO,,,,NOT_ATTEMPTED,,,Target is checked out but remains read-only. Checkout user: danial aiman (2dcf952ea3164c298d5cfa65ae36550e)
2026-08-12T01:04:25,APPLY_APPROVED,DB_264MN032706A01_A_20260811_232337,51,264MN021404A01,A,@DB/264MN021404A01/A,NX_FINISH,finish,WAEItem,NX_FINISH,String,,,N/A,YES,AQIL,CHECKOUT_FAILED,CHECKED_OUT,NONE,FAILED,True,True,NO,,,,NOT_ATTEMPTED,,,Target is checked out but remains read-only. Checkout user: danial aiman (2dcf952ea3164c298d5cfa65ae36550e)
2026-08-12T01:04:25,APPLY_APPROVED,DB_264MN032706A01_A_20260811_232337,51,264MN021404A01,A,@DB/264MN021404A01/A,COMPONENT_CLASS,component_class,WAEItem,COMPONENT_CLASS,String,TBC,TBC,NONE,YES,AQIL,CHECKOUT_FAILED,CHECKED_OUT,NONE,FAILED,True,True,NO,,,,NOT_ATTEMPTED,,,Target is checked out but remains read-only. Checkout user: danial aiman (2dcf952ea3164c298d5cfa65ae36550e)
2026-08-12T01:04:25,APPLY_APPROVED,DB_264MN032706A01_A_20260811_232337,51,264MN021404A01,A,@DB/264MN021404A01/A,LIFED,shelf_life_limited,WAEItem,LIFED,String,TBC,TBC,N,YES,AQIL,CHECKOUT_FAILED,CHECKED_OUT,NONE,FAILED,True,True,NO,,,,NOT_ATTEMPTED,,,Target is checked out but remains read-only. Checkout user: danial aiman (2dcf952ea3164c298d5cfa65ae36550e)
2026-08-12T01:04:25,APPLY_APPROVED,DB_264MN032706A01_A_20260811_232337,51,264MN021404A01,A,@DB/264MN021404A01/A,Temperature_Sensitive,temperature_sensitive,WAEItem,Temperature_Sensitive,String,TBC,TBC,N,YES,AQIL,CHECKOUT_FAILED,CHECKED_OUT,NONE,FAILED,True,True,NO,,,,NOT_ATTEMPTED,,,Target is checked out but remains read-only. Checkout user: danial aiman (2dcf952ea3164c298d5cfa65ae36550e)
2026-08-12T01:04:25,APPLY_APPROVED,DB_264MN032706A01_A_20260811_232337,51,264MN021404A01,A,@DB/264MN021404A01/A,Hazardous,hazardous,WAEItem,WAE_Hazardous,String,,,N,YES,AQIL,CHECKOUT_FAILED,CHECKED_OUT,NONE,FAILED,True,True,NO,,,,NOT_ATTEMPTED,,,Target is checked out but remains read-only. Checkout user: danial aiman (2dcf952ea3164c298d5cfa65ae36550e)
2026-08-12T01:04:25,APPLY_APPROVED,DB_264MN032706A01_A_20260811_232337,52,264MN021212A01,A,@DB/264MN021212A01/A,WAE_VERSION,wae_version,WAEItem,WAE_VERSION,String,,,1,YES,AQIL,CHECKOUT_FAILED,CHECKED_OUT,NONE,FAILED,True,True,NO,,,,NOT_ATTEMPTED,,,Target is checked out but remains read-only. Checkout user: danial aiman (2dcf952ea3164c298d5cfa65ae36550e)
2026-08-12T01:04:25,APPLY_APPROVED,DB_264MN032706A01_A_20260811_232337,52,264MN021212A01,A,@DB/264MN021212A01/A,NX_FINISH,finish,WAEItem,NX_FINISH,String,TBC,TBC,N/A,YES,AQIL,CHECKOUT_FAILED,CHECKED_OUT,NONE,FAILED,True,True,NO,,,,NOT_ATTEMPTED,,,Target is checked out but remains read-only. Checkout user: danial aiman (2dcf952ea3164c298d5cfa65ae36550e)
2026-08-12T01:04:25,APPLY_APPROVED,DB_264MN032706A01_A_20260811_232337,52,264MN021212A01,A,@DB/264MN021212A01/A,COMPONENT_CLASS,component_class,WAEItem,COMPONENT_CLASS,String,TBC,TBC,NONE,YES,AQIL,CHECKOUT_FAILED,CHECKED_OUT,NONE,FAILED,True,True,NO,,,,NOT_ATTEMPTED,,,Target is checked out but remains read-only. Checkout user: danial aiman (2dcf952ea3164c298d5cfa65ae36550e)
2026-08-12T01:04:25,APPLY_APPROVED,DB_264MN032706A01_A_20260811_232337,52,264MN021212A01,A,@DB/264MN021212A01/A,LIFED,shelf_life_limited,WAEItem,LIFED,String,TBC,TBC,N,YES,AQIL,CHECKOUT_FAILED,CHECKED_OUT,NONE,FAILED,True,True,NO,,,,NOT_ATTEMPTED,,,Target is checked out but remains read-only. Checkout user: danial aiman (2dcf952ea3164c298d5cfa65ae36550e)
2026-08-12T01:04:25,APPLY_APPROVED,DB_264MN032706A01_A_20260811_232337,52,264MN021212A01,A,@DB/264MN021212A01/A,Temperature_Sensitive,temperature_sensitive,WAEItem,Temperature_Sensitive,String,TBC,TBC,N,YES,AQIL,CHECKOUT_FAILED,CHECKED_OUT,NONE,FAILED,True,True,NO,,,,NOT_ATTEMPTED,,,Target is checked out but remains read-only. Checkout user: danial aiman (2dcf952ea3164c298d5cfa65ae36550e)
2026-08-12T01:04:25,APPLY_APPROVED,DB_264MN032706A01_A_20260811_232337,52,264MN021212A01,A,@DB/264MN021212A01/A,Hazardous,hazardous,WAEItem,WAE_Hazardous,String,,,N,YES,AQIL,CHECKOUT_FAILED,CHECKED_OUT,NONE,FAILED,True,True,NO,,,,NOT_ATTEMPTED,,,Target is checked out but remains read-only. Checkout user: danial aiman (2dcf952ea3164c298d5cfa65ae36550e)
2026-08-12T01:04:25,APPLY_APPROVED,DB_264MN032706A01_A_20260811_232337,53,264MN034907A01,A,@DB/264MN034907A01/A,,,,,,,,,NO,,NO_CHANGE,,,,,,NO,,,,NOT_REQUIRED,,,CSV business values match the Journal 04 baseline.
2026-08-12T01:04:25,APPLY_APPROVED,DB_264MN032706A01_A_20260811_232337,54,264MN021323A01,A,@DB/264MN021323A01/A,UOM,uom,WAEItem,Unit_Of_Measure,String,TBC,,ea,NO,,SKIPPED_NOT_APPROVED,,,,,,NO,,,,,,,Row changes are not approved.
2026-08-12T01:04:25,APPLY_APPROVED,DB_264MN032706A01_A_20260811_232337,55,264MN028476A01,A,@DB/264MN028476A01/A,Reference Notes,stocking_type,WAEItem,Stocking_Type,String,REF,REF,BUY,YES,AQIL,BATCH_ABORTED_CHECKOUT,CHECKED_OUT,NONE,ALREADY_CHECKED_OUT,False,False,NO,,,,NOT_ATTEMPTED,,,Another target failed checkout; no attributes were changed. This target remains checked out.
2026-08-12T01:04:25,APPLY_APPROVED,DB_264MN032706A01_A_20260811_232337,55,264MN028476A01,A,@DB/264MN028476A01/A,WAE_VERSION,wae_version,WAEItem,WAE_VERSION,String,,,2,YES,AQIL,BATCH_ABORTED_CHECKOUT,CHECKED_OUT,NONE,ALREADY_CHECKED_OUT,False,False,NO,,,,NOT_ATTEMPTED,,,Another target failed checkout; no attributes were changed. This target remains checked out.
2026-08-12T01:04:25,APPLY_APPROVED,DB_264MN032706A01_A_20260811_232337,55,264MN028476A01,A,@DB/264MN028476A01/A,COMPONENT_CLASS,component_class,WAEItem,COMPONENT_CLASS,String,C,C,A,YES,AQIL,BATCH_ABORTED_CHECKOUT,CHECKED_OUT,NONE,ALREADY_CHECKED_OUT,False,False,NO,,,,NOT_ATTEMPTED,,,Another target failed checkout; no attributes were changed. This target remains checked out.
2026-08-12T01:04:25,APPLY_APPROVED,DB_264MN032706A01_A_20260811_232337,55,264MN028476A01,A,@DB/264MN028476A01/A,LIFED,shelf_life_limited,WAEItem,LIFED,String,TBC,TBC,N,YES,AQIL,BATCH_ABORTED_CHECKOUT,CHECKED_OUT,NONE,ALREADY_CHECKED_OUT,False,False,NO,,,,NOT_ATTEMPTED,,,Another target failed checkout; no attributes were changed. This target remains checked out.
2026-08-12T01:04:25,APPLY_APPROVED,DB_264MN032706A01_A_20260811_232337,55,264MN028476A01,A,@DB/264MN028476A01/A,Temperature_Sensitive,temperature_sensitive,WAEItem,Temperature_Sensitive,String,TBC,TBC,N,YES,AQIL,BATCH_ABORTED_CHECKOUT,CHECKED_OUT,NONE,ALREADY_CHECKED_OUT,False,False,NO,,,,NOT_ATTEMPTED,,,Another target failed checkout; no attributes were changed. This target remains checked out.
2026-08-12T01:04:25,APPLY_APPROVED,DB_264MN032706A01_A_20260811_232337,55,264MN028476A01,A,@DB/264MN028476A01/A,Hazardous,hazardous,WAEItem,WAE_Hazardous,String,,,N,YES,AQIL,BATCH_ABORTED_CHECKOUT,CHECKED_OUT,NONE,ALREADY_CHECKED_OUT,False,False,NO,,,,NOT_ATTEMPTED,,,Another target failed checkout; no attributes were changed. This target remains checked out.
2026-08-12T01:04:25,APPLY_APPROVED,DB_264MN032706A01_A_20260811_232337,56,264MN021961A01,A,@DB/264MN021961A01/A,Reference Notes,stocking_type,WAEItem,Stocking_Type,String,REF,REF,BUY,YES,AQIL,BATCH_ABORTED_CHECKOUT,CHECKED_OUT,NONE,ALREADY_CHECKED_OUT,False,False,NO,,,,NOT_ATTEMPTED,,,Another target failed checkout; no attributes were changed. This target remains checked out.
2026-08-12T01:04:25,APPLY_APPROVED,DB_264MN032706A01_A_20260811_232337,56,264MN021961A01,A,@DB/264MN021961A01/A,WAE_VERSION,wae_version,WAEItem,WAE_VERSION,String,,,2,YES,AQIL,BATCH_ABORTED_CHECKOUT,CHECKED_OUT,NONE,ALREADY_CHECKED_OUT,False,False,NO,,,,NOT_ATTEMPTED,,,Another target failed checkout; no attributes were changed. This target remains checked out.
2026-08-12T01:04:25,APPLY_APPROVED,DB_264MN032706A01_A_20260811_232337,56,264MN021961A01,A,@DB/264MN021961A01/A,Temperature_Sensitive,temperature_sensitive,WAEItem,Temperature_Sensitive,String,TBC,TBC,N,YES,AQIL,BATCH_ABORTED_CHECKOUT,CHECKED_OUT,NONE,ALREADY_CHECKED_OUT,False,False,NO,,,,NOT_ATTEMPTED,,,Another target failed checkout; no attributes were changed. This target remains checked out.
2026-08-12T01:04:25,APPLY_APPROVED,DB_264MN032706A01_A_20260811_232337,56,264MN021961A01,A,@DB/264MN021961A01/A,Hazardous,hazardous,WAEItem,WAE_Hazardous,String,,,N,YES,AQIL,BATCH_ABORTED_CHECKOUT,CHECKED_OUT,NONE,ALREADY_CHECKED_OUT,False,False,NO,,,,NOT_ATTEMPTED,,,Another target failed checkout; no attributes were changed. This target remains checked out.
2026-08-12T01:04:25,APPLY_APPROVED,DB_264MN032706A01_A_20260811_232337,57,264MN028469A01,A,@DB/264MN028469A01/A,Reference Notes,stocking_type,WAEItem,Stocking_Type,String,REF,REF,BUY,YES,AQIL,BATCH_ABORTED_CHECKOUT,CHECKED_OUT,NONE,ALREADY_CHECKED_OUT,False,False,NO,,,,NOT_ATTEMPTED,,,Another target failed checkout; no attributes were changed. This target remains checked out.
2026-08-12T01:04:25,APPLY_APPROVED,DB_264MN032706A01_A_20260811_232337,57,264MN028469A01,A,@DB/264MN028469A01/A,WAE_VERSION,wae_version,WAEItem,WAE_VERSION,String,,,2,YES,AQIL,BATCH_ABORTED_CHECKOUT,CHECKED_OUT,NONE,ALREADY_CHECKED_OUT,False,False,NO,,,,NOT_ATTEMPTED,,,Another target failed checkout; no attributes were changed. This target remains checked out.
2026-08-12T01:04:25,APPLY_APPROVED,DB_264MN032706A01_A_20260811_232337,57,264MN028469A01,A,@DB/264MN028469A01/A,COMPONENT_CLASS,component_class,WAEItem,COMPONENT_CLASS,String,C,C,A,YES,AQIL,BATCH_ABORTED_CHECKOUT,CHECKED_OUT,NONE,ALREADY_CHECKED_OUT,False,False,NO,,,,NOT_ATTEMPTED,,,Another target failed checkout; no attributes were changed. This target remains checked out.
2026-08-12T01:04:25,APPLY_APPROVED,DB_264MN032706A01_A_20260811_232337,57,264MN028469A01,A,@DB/264MN028469A01/A,LIFED,shelf_life_limited,WAEItem,LIFED,String,TBC,TBC,N,YES,AQIL,BATCH_ABORTED_CHECKOUT,CHECKED_OUT,NONE,ALREADY_CHECKED_OUT,False,False,NO,,,,NOT_ATTEMPTED,,,Another target failed checkout; no attributes were changed. This target remains checked out.
2026-08-12T01:04:25,APPLY_APPROVED,DB_264MN032706A01_A_20260811_232337,57,264MN028469A01,A,@DB/264MN028469A01/A,Temperature_Sensitive,temperature_sensitive,WAEItem,Temperature_Sensitive,String,TBC,TBC,N,YES,AQIL,BATCH_ABORTED_CHECKOUT,CHECKED_OUT,NONE,ALREADY_CHECKED_OUT,False,False,NO,,,,NOT_ATTEMPTED,,,Another target failed checkout; no attributes were changed. This target remains checked out.
2026-08-12T01:04:25,APPLY_APPROVED,DB_264MN032706A01_A_20260811_232337,57,264MN028469A01,A,@DB/264MN028469A01/A,Hazardous,hazardous,WAEItem,WAE_Hazardous,String,,,N,YES,AQIL,BATCH_ABORTED_CHECKOUT,CHECKED_OUT,NONE,ALREADY_CHECKED_OUT,False,False,NO,,,,NOT_ATTEMPTED,,,Another target failed checkout; no attributes were changed. This target remains checked out.
2026-08-12T01:04:25,APPLY_APPROVED,DB_264MN032706A01_A_20260811_232337,58,264MN028470A01,A,@DB/264MN028470A01/A,Reference Notes,stocking_type,WAEItem,Stocking_Type,String,REF,REF,BUY,YES,AQIL,BATCH_ABORTED_CHECKOUT,CHECKED_OUT,NONE,ALREADY_CHECKED_OUT,False,False,NO,,,,NOT_ATTEMPTED,,,Another target failed checkout; no attributes were changed. This target remains checked out.
2026-08-12T01:04:25,APPLY_APPROVED,DB_264MN032706A01_A_20260811_232337,58,264MN028470A01,A,@DB/264MN028470A01/A,WAE_VERSION,wae_version,WAEItem,WAE_VERSION,String,,,2,YES,AQIL,BATCH_ABORTED_CHECKOUT,CHECKED_OUT,NONE,ALREADY_CHECKED_OUT,False,False,NO,,,,NOT_ATTEMPTED,,,Another target failed checkout; no attributes were changed. This target remains checked out.
2026-08-12T01:04:25,APPLY_APPROVED,DB_264MN032706A01_A_20260811_232337,58,264MN028470A01,A,@DB/264MN028470A01/A,NX_FINISH,finish,WAEItem,NX_FINISH,String,TBC,TBC,N/A,YES,AQIL,BATCH_ABORTED_CHECKOUT,CHECKED_OUT,NONE,ALREADY_CHECKED_OUT,False,False,NO,,,,NOT_ATTEMPTED,,,Another target failed checkout; no attributes were changed. This target remains checked out.
2026-08-12T01:04:25,APPLY_APPROVED,DB_264MN032706A01_A_20260811_232337,58,264MN028470A01,A,@DB/264MN028470A01/A,COMPONENT_CLASS,component_class,WAEItem,COMPONENT_CLASS,String,C,C,A,YES,AQIL,BATCH_ABORTED_CHECKOUT,CHECKED_OUT,NONE,ALREADY_CHECKED_OUT,False,False,NO,,,,NOT_ATTEMPTED,,,Another target failed checkout; no attributes were changed. This target remains checked out.
2026-08-12T01:04:25,APPLY_APPROVED,DB_264MN032706A01_A_20260811_232337,58,264MN028470A01,A,@DB/264MN028470A01/A,Temperature_Sensitive,temperature_sensitive,WAEItem,Temperature_Sensitive,String,TBC,TBC,N,YES,AQIL,BATCH_ABORTED_CHECKOUT,CHECKED_OUT,NONE,ALREADY_CHECKED_OUT,False,False,NO,,,,NOT_ATTEMPTED,,,Another target failed checkout; no attributes were changed. This target remains checked out.
2026-08-12T01:04:25,APPLY_APPROVED,DB_264MN032706A01_A_20260811_232337,58,264MN028470A01,A,@DB/264MN028470A01/A,Hazardous,hazardous,WAEItem,WAE_Hazardous,String,,,N,YES,AQIL,BATCH_ABORTED_CHECKOUT,CHECKED_OUT,NONE,ALREADY_CHECKED_OUT,False,False,NO,,,,NOT_ATTEMPTED,,,Another target failed checkout; no attributes were changed. This target remains checked out.
2026-08-12T01:04:25,APPLY_APPROVED,DB_264MN032706A01_A_20260811_232337,59,264MN026241A01,A,@DB/264MN026241A01/A,Reference Notes,stocking_type,WAEItem,Stocking_Type,String,REF,REF,BUY,YES,AQIL,CHECKOUT_FAILED,CHECKED_OUT,NONE,FAILED,True,True,NO,,,,NOT_ATTEMPTED,,,Target is checked out but remains read-only. Checkout user: danial aiman (2dcf952ea3164c298d5cfa65ae36550e)
2026-08-12T01:04:25,APPLY_APPROVED,DB_264MN032706A01_A_20260811_232337,59,264MN026241A01,A,@DB/264MN026241A01/A,WAE_VERSION,wae_version,WAEItem,WAE_VERSION,String,,,2,YES,AQIL,CHECKOUT_FAILED,CHECKED_OUT,NONE,FAILED,True,True,NO,,,,NOT_ATTEMPTED,,,Target is checked out but remains read-only. Checkout user: danial aiman (2dcf952ea3164c298d5cfa65ae36550e)
2026-08-12T01:04:25,APPLY_APPROVED,DB_264MN032706A01_A_20260811_232337,59,264MN026241A01,A,@DB/264MN026241A01/A,COMPONENT_CLASS,component_class,WAEItem,COMPONENT_CLASS,String,C,C,A,YES,AQIL,CHECKOUT_FAILED,CHECKED_OUT,NONE,FAILED,True,True,NO,,,,NOT_ATTEMPTED,,,Target is checked out but remains read-only. Checkout user: danial aiman (2dcf952ea3164c298d5cfa65ae36550e)
2026-08-12T01:04:25,APPLY_APPROVED,DB_264MN032706A01_A_20260811_232337,59,264MN026241A01,A,@DB/264MN026241A01/A,Temperature_Sensitive,temperature_sensitive,WAEItem,Temperature_Sensitive,String,TBC,TBC,N,YES,AQIL,CHECKOUT_FAILED,CHECKED_OUT,NONE,FAILED,True,True,NO,,,,NOT_ATTEMPTED,,,Target is checked out but remains read-only. Checkout user: danial aiman (2dcf952ea3164c298d5cfa65ae36550e)
2026-08-12T01:04:25,APPLY_APPROVED,DB_264MN032706A01_A_20260811_232337,59,264MN026241A01,A,@DB/264MN026241A01/A,Hazardous,hazardous,WAEItem,WAE_Hazardous,String,,,N,YES,AQIL,CHECKOUT_FAILED,CHECKED_OUT,NONE,FAILED,True,True,NO,,,,NOT_ATTEMPTED,,,Target is checked out but remains read-only. Checkout user: danial aiman (2dcf952ea3164c298d5cfa65ae36550e)
2026-08-12T01:04:25,APPLY_APPROVED,DB_264MN032706A01_A_20260811_232337,60,264MN026239A01,A,@DB/264MN026239A01/A,WAE_VERSION,wae_version,WAEItem,WAE_VERSION,String,,,2,YES,AQIL,BATCH_ABORTED_CHECKOUT,CHECKED_OUT,NONE,ALREADY_CHECKED_OUT,False,False,NO,,,,NOT_ATTEMPTED,,,Another target failed checkout; no attributes were changed. This target remains checked out.
2026-08-12T01:04:25,APPLY_APPROVED,DB_264MN032706A01_A_20260811_232337,60,264MN026239A01,A,@DB/264MN026239A01/A,COMPONENT_CLASS,component_class,WAEItem,COMPONENT_CLASS,String,C,C,A,YES,AQIL,BATCH_ABORTED_CHECKOUT,CHECKED_OUT,NONE,ALREADY_CHECKED_OUT,False,False,NO,,,,NOT_ATTEMPTED,,,Another target failed checkout; no attributes were changed. This target remains checked out.
2026-08-12T01:04:25,APPLY_APPROVED,DB_264MN032706A01_A_20260811_232337,60,264MN026239A01,A,@DB/264MN026239A01/A,Temperature_Sensitive,temperature_sensitive,WAEItem,Temperature_Sensitive,String,TBC,TBC,N,YES,AQIL,BATCH_ABORTED_CHECKOUT,CHECKED_OUT,NONE,ALREADY_CHECKED_OUT,False,False,NO,,,,NOT_ATTEMPTED,,,Another target failed checkout; no attributes were changed. This target remains checked out.
2026-08-12T01:04:25,APPLY_APPROVED,DB_264MN032706A01_A_20260811_232337,60,264MN026239A01,A,@DB/264MN026239A01/A,Hazardous,hazardous,WAEItem,WAE_Hazardous,String,,,N,YES,AQIL,BATCH_ABORTED_CHECKOUT,CHECKED_OUT,NONE,ALREADY_CHECKED_OUT,False,False,NO,,,,NOT_ATTEMPTED,,,Another target failed checkout; no attributes were changed. This target remains checked out.
2026-08-12T01:04:25,APPLY_APPROVED,DB_264MN032706A01_A_20260811_232337,61,264MN024064A01,A,@DB/264MN024064A01/A,WAE_VERSION,wae_version,WAEItem,WAE_VERSION,String,,,1,YES,AQIL,BATCH_ABORTED_CHECKOUT,CHECKED_OUT,NONE,ALREADY_CHECKED_OUT,False,False,NO,,,,NOT_ATTEMPTED,,,Another target failed checkout; no attributes were changed. This target remains checked out.
2026-08-12T01:04:25,APPLY_APPROVED,DB_264MN032706A01_A_20260811_232337,61,264MN024064A01,A,@DB/264MN024064A01/A,NX_FINISH,finish,WAEItem,NX_FINISH,String,,,N/A,YES,AQIL,BATCH_ABORTED_CHECKOUT,CHECKED_OUT,NONE,ALREADY_CHECKED_OUT,False,False,NO,,,,NOT_ATTEMPTED,,,Another target failed checkout; no attributes were changed. This target remains checked out.
2026-08-12T01:04:25,APPLY_APPROVED,DB_264MN032706A01_A_20260811_232337,61,264MN024064A01,A,@DB/264MN024064A01/A,COMPONENT_CLASS,component_class,WAEItem,COMPONENT_CLASS,String,TBC,TBC,NONE,YES,AQIL,BATCH_ABORTED_CHECKOUT,CHECKED_OUT,NONE,ALREADY_CHECKED_OUT,False,False,NO,,,,NOT_ATTEMPTED,,,Another target failed checkout; no attributes were changed. This target remains checked out.
2026-08-12T01:04:25,APPLY_APPROVED,DB_264MN032706A01_A_20260811_232337,61,264MN024064A01,A,@DB/264MN024064A01/A,LIFED,shelf_life_limited,WAEItem,LIFED,String,TBC,TBC,N,YES,AQIL,BATCH_ABORTED_CHECKOUT,CHECKED_OUT,NONE,ALREADY_CHECKED_OUT,False,False,NO,,,,NOT_ATTEMPTED,,,Another target failed checkout; no attributes were changed. This target remains checked out.
2026-08-12T01:04:25,APPLY_APPROVED,DB_264MN032706A01_A_20260811_232337,61,264MN024064A01,A,@DB/264MN024064A01/A,Temperature_Sensitive,temperature_sensitive,WAEItem,Temperature_Sensitive,String,TBC,TBC,N,YES,AQIL,BATCH_ABORTED_CHECKOUT,CHECKED_OUT,NONE,ALREADY_CHECKED_OUT,False,False,NO,,,,NOT_ATTEMPTED,,,Another target failed checkout; no attributes were changed. This target remains checked out.
2026-08-12T01:04:25,APPLY_APPROVED,DB_264MN032706A01_A_20260811_232337,61,264MN024064A01,A,@DB/264MN024064A01/A,Hazardous,hazardous,WAEItem,WAE_Hazardous,String,,,N,YES,AQIL,BATCH_ABORTED_CHECKOUT,CHECKED_OUT,NONE,ALREADY_CHECKED_OUT,False,False,NO,,,,NOT_ATTEMPTED,,,Another target failed checkout; no attributes were changed. This target remains checked out.
2026-08-12T01:04:25,APPLY_APPROVED,DB_264MN032706A01_A_20260811_232337,62,264MN028572A01,A,@DB/264MN028572A01/A,WAE_VERSION,wae_version,WAEItem,WAE_VERSION,String,,,1,YES,AQIL,CHECKOUT_FAILED,CHECKED_OUT,NONE,FAILED,True,True,NO,,,,NOT_ATTEMPTED,,,Target is checked out but remains read-only. Checkout user: danial aiman (2dcf952ea3164c298d5cfa65ae36550e)
2026-08-12T01:04:25,APPLY_APPROVED,DB_264MN032706A01_A_20260811_232337,62,264MN028572A01,A,@DB/264MN028572A01/A,COMPONENT_CLASS,component_class,WAEItem,COMPONENT_CLASS,String,TBC,TBC,NONE,YES,AQIL,CHECKOUT_FAILED,CHECKED_OUT,NONE,FAILED,True,True,NO,,,,NOT_ATTEMPTED,,,Target is checked out but remains read-only. Checkout user: danial aiman (2dcf952ea3164c298d5cfa65ae36550e)
2026-08-12T01:04:25,APPLY_APPROVED,DB_264MN032706A01_A_20260811_232337,62,264MN028572A01,A,@DB/264MN028572A01/A,LIFED,shelf_life_limited,WAEItem,LIFED,String,TBC,TBC,N,YES,AQIL,CHECKOUT_FAILED,CHECKED_OUT,NONE,FAILED,True,True,NO,,,,NOT_ATTEMPTED,,,Target is checked out but remains read-only. Checkout user: danial aiman (2dcf952ea3164c298d5cfa65ae36550e)
2026-08-12T01:04:25,APPLY_APPROVED,DB_264MN032706A01_A_20260811_232337,62,264MN028572A01,A,@DB/264MN028572A01/A,Temperature_Sensitive,temperature_sensitive,WAEItem,Temperature_Sensitive,String,TBC,TBC,N,YES,AQIL,CHECKOUT_FAILED,CHECKED_OUT,NONE,FAILED,True,True,NO,,,,NOT_ATTEMPTED,,,Target is checked out but remains read-only. Checkout user: danial aiman (2dcf952ea3164c298d5cfa65ae36550e)
2026-08-12T01:04:25,APPLY_APPROVED,DB_264MN032706A01_A_20260811_232337,62,264MN028572A01,A,@DB/264MN028572A01/A,Hazardous,hazardous,WAEItem,WAE_Hazardous,String,,,N,YES,AQIL,CHECKOUT_FAILED,CHECKED_OUT,NONE,FAILED,True,True,NO,,,,NOT_ATTEMPTED,,,Target is checked out but remains read-only. Checkout user: danial aiman (2dcf952ea3164c298d5cfa65ae36550e)
2026-08-12T01:04:25,APPLY_APPROVED,DB_264MN032706A01_A_20260811_232337,63,264MN028558A01,A,@DB/264MN028558A01/A,WAE_VERSION,wae_version,WAEItem,WAE_VERSION,String,,,1,YES,AQIL,CHECKOUT_FAILED,CHECKED_OUT,NONE,FAILED,True,True,NO,,,,NOT_ATTEMPTED,,,Target is checked out but remains read-only. Checkout user: danial aiman (2dcf952ea3164c298d5cfa65ae36550e)
2026-08-12T01:04:25,APPLY_APPROVED,DB_264MN032706A01_A_20260811_232337,63,264MN028558A01,A,@DB/264MN028558A01/A,NX_FINISH,finish,WAEItem,NX_FINISH,String,TBC,TBC,N/A,YES,AQIL,CHECKOUT_FAILED,CHECKED_OUT,NONE,FAILED,True,True,NO,,,,NOT_ATTEMPTED,,,Target is checked out but remains read-only. Checkout user: danial aiman (2dcf952ea3164c298d5cfa65ae36550e)
2026-08-12T01:04:25,APPLY_APPROVED,DB_264MN032706A01_A_20260811_232337,63,264MN028558A01,A,@DB/264MN028558A01/A,COMPONENT_CLASS,component_class,WAEItem,COMPONENT_CLASS,String,TBC,TBC,NONE,YES,AQIL,CHECKOUT_FAILED,CHECKED_OUT,NONE,FAILED,True,True,NO,,,,NOT_ATTEMPTED,,,Target is checked out but remains read-only. Checkout user: danial aiman (2dcf952ea3164c298d5cfa65ae36550e)
2026-08-12T01:04:25,APPLY_APPROVED,DB_264MN032706A01_A_20260811_232337,63,264MN028558A01,A,@DB/264MN028558A01/A,LIFED,shelf_life_limited,WAEItem,LIFED,String,TBC,TBC,N,YES,AQIL,CHECKOUT_FAILED,CHECKED_OUT,NONE,FAILED,True,True,NO,,,,NOT_ATTEMPTED,,,Target is checked out but remains read-only. Checkout user: danial aiman (2dcf952ea3164c298d5cfa65ae36550e)
2026-08-12T01:04:25,APPLY_APPROVED,DB_264MN032706A01_A_20260811_232337,63,264MN028558A01,A,@DB/264MN028558A01/A,Temperature_Sensitive,temperature_sensitive,WAEItem,Temperature_Sensitive,String,TBC,TBC,N,YES,AQIL,CHECKOUT_FAILED,CHECKED_OUT,NONE,FAILED,True,True,NO,,,,NOT_ATTEMPTED,,,Target is checked out but remains read-only. Checkout user: danial aiman (2dcf952ea3164c298d5cfa65ae36550e)
2026-08-12T01:04:25,APPLY_APPROVED,DB_264MN032706A01_A_20260811_232337,63,264MN028558A01,A,@DB/264MN028558A01/A,Hazardous,hazardous,WAEItem,WAE_Hazardous,String,,,N,YES,AQIL,CHECKOUT_FAILED,CHECKED_OUT,NONE,FAILED,True,True,NO,,,,NOT_ATTEMPTED,,,Target is checked out but remains read-only. Checkout user: danial aiman (2dcf952ea3164c298d5cfa65ae36550e)
2026-08-12T01:04:25,APPLY_APPROVED,DB_264MN032706A01_A_20260811_232337,63,264MN028558A01,A,@DB/264MN028558A01/A,Commodity_Code,commodity_code,WAEItem,Commodity_Code,String,,,TBC,YES,AQIL,CHECKOUT_FAILED,CHECKED_OUT,NONE,FAILED,True,True,NO,,,,NOT_ATTEMPTED,,,Target is checked out but remains read-only. Checkout user: danial aiman (2dcf952ea3164c298d5cfa65ae36550e)
2026-08-12T01:04:25,APPLY_APPROVED,DB_264MN032706A01_A_20260811_232337,64,28556,A,,,,,,,,,,NO,,ERROR_BASELINE_IDENTITY,,,,,,NO,,,,,,,Part/revision was edited or has no unique Journal 04 baseline.
2026-08-12T01:04:25,APPLY_APPROVED,DB_264MN032706A01_A_20260811_232337,65,28557,A,,,,,,,,,,NO,,ERROR_BASELINE_IDENTITY,,,,,,NO,,,,,,,Part/revision was edited or has no unique Journal 04 baseline.
2026-08-12T01:04:25,APPLY_APPROVED,DB_264MN032706A01_A_20260811_232337,66,28559,A,,,,,,,,,,NO,,ERROR_BASELINE_IDENTITY,,,,,,NO,,,,,,,Part/revision was edited or has no unique Journal 04 baseline.
2026-08-12T01:04:25,APPLY_APPROVED,DB_264MN032706A01_A_20260811_232337,67,28560,A,,,,,,,,,,NO,,ERROR_BASELINE_IDENTITY,,,,,,NO,,,,,,,Part/revision was edited or has no unique Journal 04 baseline.
2026-08-12T01:04:25,APPLY_APPROVED,DB_264MN032706A01_A_20260811_232337,68,28561,A,,,,,,,,,,NO,,ERROR_BASELINE_IDENTITY,,,,,,NO,,,,,,,Part/revision was edited or has no unique Journal 04 baseline.
2026-08-12T01:04:25,APPLY_APPROVED,DB_264MN032706A01_A_20260811_232337,69,28562,A,,,,,,,,,,NO,,ERROR_BASELINE_IDENTITY,,,,,,NO,,,,,,,Part/revision was edited or has no unique Journal 04 baseline.
2026-08-12T01:04:25,APPLY_APPROVED,DB_264MN032706A01_A_20260811_232337,70,28554,A,,,,,,,,,,NO,,ERROR_BASELINE_IDENTITY,,,,,,NO,,,,,,,Part/revision was edited or has no unique Journal 04 baseline.
2026-08-12T01:04:25,APPLY_APPROVED,DB_264MN032706A01_A_20260811_232337,71,28555,A,,,,,,,,,,NO,,ERROR_BASELINE_IDENTITY,,,,,,NO,,,,,,,Part/revision was edited or has no unique Journal 04 baseline.
2026-08-12T01:04:25,APPLY_APPROVED,DB_264MN032706A01_A_20260811_232337,72,264MN024628A01,A,@DB/264MN024628A01/A,WAE_VERSION,wae_version,WAEItem,WAE_VERSION,String,,,1,YES,AQIL,BATCH_ABORTED_CHECKOUT,CHECKED_OUT,NONE,ALREADY_CHECKED_OUT,False,False,NO,,,,NOT_ATTEMPTED,,,Another target failed checkout; no attributes were changed. This target remains checked out.
2026-08-12T01:04:25,APPLY_APPROVED,DB_264MN032706A01_A_20260811_232337,72,264MN024628A01,A,@DB/264MN024628A01/A,COMPONENT_CLASS,component_class,WAEItem,COMPONENT_CLASS,String,TBC,TBC,NONE,YES,AQIL,BATCH_ABORTED_CHECKOUT,CHECKED_OUT,NONE,ALREADY_CHECKED_OUT,False,False,NO,,,,NOT_ATTEMPTED,,,Another target failed checkout; no attributes were changed. This target remains checked out.
2026-08-12T01:04:25,APPLY_APPROVED,DB_264MN032706A01_A_20260811_232337,72,264MN024628A01,A,@DB/264MN024628A01/A,Temperature_Sensitive,temperature_sensitive,WAEItem,Temperature_Sensitive,String,TBC,TBC,N,YES,AQIL,BATCH_ABORTED_CHECKOUT,CHECKED_OUT,NONE,ALREADY_CHECKED_OUT,False,False,NO,,,,NOT_ATTEMPTED,,,Another target failed checkout; no attributes were changed. This target remains checked out.
2026-08-12T01:04:25,APPLY_APPROVED,DB_264MN032706A01_A_20260811_232337,72,264MN024628A01,A,@DB/264MN024628A01/A,Hazardous,hazardous,WAEItem,WAE_Hazardous,String,,,N,YES,AQIL,BATCH_ABORTED_CHECKOUT,CHECKED_OUT,NONE,ALREADY_CHECKED_OUT,False,False,NO,,,,NOT_ATTEMPTED,,,Another target failed checkout; no attributes were changed. This target remains checked out.
2026-08-12T01:04:25,APPLY_APPROVED,DB_264MN032706A01_A_20260811_232337,73,264MN028573A01,A,@DB/264MN028573A01/A,WAE_VERSION,wae_version,WAEItem,WAE_VERSION,String,,,1,YES,AQIL,CHECKOUT_FAILED,CHECKED_OUT,NONE,FAILED,True,True,NO,,,,NOT_ATTEMPTED,,,Target is checked out but remains read-only. Checkout user: danial aiman (2dcf952ea3164c298d5cfa65ae36550e)
2026-08-12T01:04:25,APPLY_APPROVED,DB_264MN032706A01_A_20260811_232337,73,264MN028573A01,A,@DB/264MN028573A01/A,COMPONENT_CLASS,component_class,WAEItem,COMPONENT_CLASS,String,TBC,TBC,NONE,YES,AQIL,CHECKOUT_FAILED,CHECKED_OUT,NONE,FAILED,True,True,NO,,,,NOT_ATTEMPTED,,,Target is checked out but remains read-only. Checkout user: danial aiman (2dcf952ea3164c298d5cfa65ae36550e)
2026-08-12T01:04:25,APPLY_APPROVED,DB_264MN032706A01_A_20260811_232337,73,264MN028573A01,A,@DB/264MN028573A01/A,LIFED,shelf_life_limited,WAEItem,LIFED,String,TBC,TBC,N,YES,AQIL,CHECKOUT_FAILED,CHECKED_OUT,NONE,FAILED,True,True,NO,,,,NOT_ATTEMPTED,,,Target is checked out but remains read-only. Checkout user: danial aiman (2dcf952ea3164c298d5cfa65ae36550e)
2026-08-12T01:04:25,APPLY_APPROVED,DB_264MN032706A01_A_20260811_232337,73,264MN028573A01,A,@DB/264MN028573A01/A,Temperature_Sensitive,temperature_sensitive,WAEItem,Temperature_Sensitive,String,TBC,TBC,N,YES,AQIL,CHECKOUT_FAILED,CHECKED_OUT,NONE,FAILED,True,True,NO,,,,NOT_ATTEMPTED,,,Target is checked out but remains read-only. Checkout user: danial aiman (2dcf952ea3164c298d5cfa65ae36550e)
2026-08-12T01:04:25,APPLY_APPROVED,DB_264MN032706A01_A_20260811_232337,73,264MN028573A01,A,@DB/264MN028573A01/A,Hazardous,hazardous,WAEItem,WAE_Hazardous,String,,,N,YES,AQIL,CHECKOUT_FAILED,CHECKED_OUT,NONE,FAILED,True,True,NO,,,,NOT_ATTEMPTED,,,Target is checked out but remains read-only. Checkout user: danial aiman (2dcf952ea3164c298d5cfa65ae36550e)
2026-08-12T01:04:25,APPLY_APPROVED,DB_264MN032706A01_A_20260811_232337,74,264MN028567A01,A,@DB/264MN028567A01/A,WAE_VERSION,wae_version,WAEItem,WAE_VERSION,String,,,1,YES,AQIL,CHECKOUT_FAILED,CHECKED_OUT,NONE,FAILED,True,True,NO,,,,NOT_ATTEMPTED,,,Target is checked out but remains read-only. Checkout user: zainal azfar (c88b57d99f264eb49553d5e582964f03)
2026-08-12T01:04:25,APPLY_APPROVED,DB_264MN032706A01_A_20260811_232337,74,264MN028567A01,A,@DB/264MN028567A01/A,NX_FINISH,finish,WAEItem,NX_FINISH,String,TBC,TBC,N/A,YES,AQIL,CHECKOUT_FAILED,CHECKED_OUT,NONE,FAILED,True,True,NO,,,,NOT_ATTEMPTED,,,Target is checked out but remains read-only. Checkout user: zainal azfar (c88b57d99f264eb49553d5e582964f03)
2026-08-12T01:04:25,APPLY_APPROVED,DB_264MN032706A01_A_20260811_232337,74,264MN028567A01,A,@DB/264MN028567A01/A,COMPONENT_CLASS,component_class,WAEItem,COMPONENT_CLASS,String,TBC,TBC,NONE,YES,AQIL,CHECKOUT_FAILED,CHECKED_OUT,NONE,FAILED,True,True,NO,,,,NOT_ATTEMPTED,,,Target is checked out but remains read-only. Checkout user: zainal azfar (c88b57d99f264eb49553d5e582964f03)
2026-08-12T01:04:25,APPLY_APPROVED,DB_264MN032706A01_A_20260811_232337,74,264MN028567A01,A,@DB/264MN028567A01/A,LIFED,shelf_life_limited,WAEItem,LIFED,String,TBC,TBC,N,YES,AQIL,CHECKOUT_FAILED,CHECKED_OUT,NONE,FAILED,True,True,NO,,,,NOT_ATTEMPTED,,,Target is checked out but remains read-only. Checkout user: zainal azfar (c88b57d99f264eb49553d5e582964f03)
2026-08-12T01:04:25,APPLY_APPROVED,DB_264MN032706A01_A_20260811_232337,74,264MN028567A01,A,@DB/264MN028567A01/A,Temperature_Sensitive,temperature_sensitive,WAEItem,Temperature_Sensitive,String,TBC,TBC,N,YES,AQIL,CHECKOUT_FAILED,CHECKED_OUT,NONE,FAILED,True,True,NO,,,,NOT_ATTEMPTED,,,Target is checked out but remains read-only. Checkout user: zainal azfar (c88b57d99f264eb49553d5e582964f03)
2026-08-12T01:04:25,APPLY_APPROVED,DB_264MN032706A01_A_20260811_232337,74,264MN028567A01,A,@DB/264MN028567A01/A,Hazardous,hazardous,WAEItem,WAE_Hazardous,String,,,N,YES,AQIL,CHECKOUT_FAILED,CHECKED_OUT,NONE,FAILED,True,True,NO,,,,NOT_ATTEMPTED,,,Target is checked out but remains read-only. Checkout user: zainal azfar (c88b57d99f264eb49553d5e582964f03)
2026-08-12T01:04:25,APPLY_APPROVED,DB_264MN032706A01_A_20260811_232337,74,264MN028567A01,A,@DB/264MN028567A01/A,Commodity_Code,commodity_code,WAEItem,Commodity_Code,String,,,TBC,YES,AQIL,CHECKOUT_FAILED,CHECKED_OUT,NONE,FAILED,True,True,NO,,,,NOT_ATTEMPTED,,,Target is checked out but remains read-only. Checkout user: zainal azfar (c88b57d99f264eb49553d5e582964f03)
2026-08-12T01:04:25,APPLY_APPROVED,DB_264MN032706A01_A_20260811_232337,75,28565,A,,,,,,,,,,NO,,ERROR_BASELINE_IDENTITY,,,,,,NO,,,,,,,Part/revision was edited or has no unique Journal 04 baseline.
2026-08-12T01:04:25,APPLY_APPROVED,DB_264MN032706A01_A_20260811_232337,76,28566,A,,,,,,,,,,NO,,ERROR_BASELINE_IDENTITY,,,,,,NO,,,,,,,Part/revision was edited or has no unique Journal 04 baseline.
2026-08-12T01:04:25,APPLY_APPROVED,DB_264MN032706A01_A_20260811_232337,77,28568,A,,,,,,,,,,NO,,ERROR_BASELINE_IDENTITY,,,,,,NO,,,,,,,Part/revision was edited or has no unique Journal 04 baseline.
2026-08-12T01:04:25,APPLY_APPROVED,DB_264MN032706A01_A_20260811_232337,78,28569,A,,,,,,,,,,NO,,ERROR_BASELINE_IDENTITY,,,,,,NO,,,,,,,Part/revision was edited or has no unique Journal 04 baseline.
2026-08-12T01:04:25,APPLY_APPROVED,DB_264MN032706A01_A_20260811_232337,79,28570,A,,,,,,,,,,NO,,ERROR_BASELINE_IDENTITY,,,,,,NO,,,,,,,Part/revision was edited or has no unique Journal 04 baseline.
2026-08-12T01:04:25,APPLY_APPROVED,DB_264MN032706A01_A_20260811_232337,80,28571,A,,,,,,,,,,NO,,ERROR_BASELINE_IDENTITY,,,,,,NO,,,,,,,Part/revision was edited or has no unique Journal 04 baseline.
2026-08-12T01:04:25,APPLY_APPROVED,DB_264MN032706A01_A_20260811_232337,81,28563,A,,,,,,,,,,NO,,ERROR_BASELINE_IDENTITY,,,,,,NO,,,,,,,Part/revision was edited or has no unique Journal 04 baseline.
2026-08-12T01:04:25,APPLY_APPROVED,DB_264MN032706A01_A_20260811_232337,82,28564,A,,,,,,,,,,NO,,ERROR_BASELINE_IDENTITY,,,,,,NO,,,,,,,Part/revision was edited or has no unique Journal 04 baseline.
2026-08-12T01:04:25,APPLY_APPROVED,DB_264MN032706A01_A_20260811_232337,83,264MN024068A01,A,@DB/264MN024068A01/A,WAE_VERSION,wae_version,WAEItem,WAE_VERSION,String,,,1,YES,AQIL,BATCH_ABORTED_CHECKOUT,CHECKED_OUT,NONE,ALREADY_CHECKED_OUT,False,False,NO,,,,NOT_ATTEMPTED,,,Another target failed checkout; no attributes were changed. This target remains checked out.
2026-08-12T01:04:25,APPLY_APPROVED,DB_264MN032706A01_A_20260811_232337,83,264MN024068A01,A,@DB/264MN024068A01/A,NX_FINISH,finish,WAEItem,NX_FINISH,String,,,N/A,YES,AQIL,BATCH_ABORTED_CHECKOUT,CHECKED_OUT,NONE,ALREADY_CHECKED_OUT,False,False,NO,,,,NOT_ATTEMPTED,,,Another target failed checkout; no attributes were changed. This target remains checked out.
2026-08-12T01:04:25,APPLY_APPROVED,DB_264MN032706A01_A_20260811_232337,83,264MN024068A01,A,@DB/264MN024068A01/A,COMPONENT_CLASS,component_class,WAEItem,COMPONENT_CLASS,String,TBC,TBC,NONE,YES,AQIL,BATCH_ABORTED_CHECKOUT,CHECKED_OUT,NONE,ALREADY_CHECKED_OUT,False,False,NO,,,,NOT_ATTEMPTED,,,Another target failed checkout; no attributes were changed. This target remains checked out.
2026-08-12T01:04:25,APPLY_APPROVED,DB_264MN032706A01_A_20260811_232337,83,264MN024068A01,A,@DB/264MN024068A01/A,LIFED,shelf_life_limited,WAEItem,LIFED,String,TBC,TBC,N,YES,AQIL,BATCH_ABORTED_CHECKOUT,CHECKED_OUT,NONE,ALREADY_CHECKED_OUT,False,False,NO,,,,NOT_ATTEMPTED,,,Another target failed checkout; no attributes were changed. This target remains checked out.
2026-08-12T01:04:25,APPLY_APPROVED,DB_264MN032706A01_A_20260811_232337,83,264MN024068A01,A,@DB/264MN024068A01/A,Temperature_Sensitive,temperature_sensitive,WAEItem,Temperature_Sensitive,String,TBC,TBC,N,YES,AQIL,BATCH_ABORTED_CHECKOUT,CHECKED_OUT,NONE,ALREADY_CHECKED_OUT,False,False,NO,,,,NOT_ATTEMPTED,,,Another target failed checkout; no attributes were changed. This target remains checked out.
2026-08-12T01:04:25,APPLY_APPROVED,DB_264MN032706A01_A_20260811_232337,83,264MN024068A01,A,@DB/264MN024068A01/A,Hazardous,hazardous,WAEItem,WAE_Hazardous,String,,,N,YES,AQIL,BATCH_ABORTED_CHECKOUT,CHECKED_OUT,NONE,ALREADY_CHECKED_OUT,False,False,NO,,,,NOT_ATTEMPTED,,,Another target failed checkout; no attributes were changed. This target remains checked out.
2026-08-12T01:04:25,APPLY_APPROVED,DB_264MN032706A01_A_20260811_232337,84,264MN026234A01,A,@DB/264MN026234A01/A,Reference Notes,stocking_type,WAEItem,Stocking_Type,String,REF,REF,BUY,YES,AQIL,CHECKOUT_FAILED,CHECKED_OUT,NONE,FAILED,True,True,NO,,,,NOT_ATTEMPTED,,,Target is checked out but remains read-only. Checkout user: danial aiman (2dcf952ea3164c298d5cfa65ae36550e)
2026-08-12T01:04:25,APPLY_APPROVED,DB_264MN032706A01_A_20260811_232337,84,264MN026234A01,A,@DB/264MN026234A01/A,WAE_VERSION,wae_version,WAEItem,WAE_VERSION,String,,,2,YES,AQIL,CHECKOUT_FAILED,CHECKED_OUT,NONE,FAILED,True,True,NO,,,,NOT_ATTEMPTED,,,Target is checked out but remains read-only. Checkout user: danial aiman (2dcf952ea3164c298d5cfa65ae36550e)
2026-08-12T01:04:25,APPLY_APPROVED,DB_264MN032706A01_A_20260811_232337,84,264MN026234A01,A,@DB/264MN026234A01/A,COMPONENT_CLASS,component_class,WAEItem,COMPONENT_CLASS,String,C,C,A,YES,AQIL,CHECKOUT_FAILED,CHECKED_OUT,NONE,FAILED,True,True,NO,,,,NOT_ATTEMPTED,,,Target is checked out but remains read-only. Checkout user: danial aiman (2dcf952ea3164c298d5cfa65ae36550e)
2026-08-12T01:04:25,APPLY_APPROVED,DB_264MN032706A01_A_20260811_232337,84,264MN026234A01,A,@DB/264MN026234A01/A,Temperature_Sensitive,temperature_sensitive,WAEItem,Temperature_Sensitive,String,TBC,TBC,N,YES,AQIL,CHECKOUT_FAILED,CHECKED_OUT,NONE,FAILED,True,True,NO,,,,NOT_ATTEMPTED,,,Target is checked out but remains read-only. Checkout user: danial aiman (2dcf952ea3164c298d5cfa65ae36550e)
2026-08-12T01:04:25,APPLY_APPROVED,DB_264MN032706A01_A_20260811_232337,84,264MN026234A01,A,@DB/264MN026234A01/A,Hazardous,hazardous,WAEItem,WAE_Hazardous,String,,,N,YES,AQIL,CHECKOUT_FAILED,CHECKED_OUT,NONE,FAILED,True,True,NO,,,,NOT_ATTEMPTED,,,Target is checked out but remains read-only. Checkout user: danial aiman (2dcf952ea3164c298d5cfa65ae36550e)
2026-08-12T01:04:25,APPLY_APPROVED,DB_264MN032706A01_A_20260811_232337,85,264MN026171A01,A,@DB/264MN026171A01/A,WAE_VERSION,wae_version,WAEItem,WAE_VERSION,String,,,2,YES,AQIL,BATCH_ABORTED_CHECKOUT,CHECKED_OUT,NONE,ALREADY_CHECKED_OUT,False,False,NO,,,,NOT_ATTEMPTED,,,Another target failed checkout; no attributes were changed. This target remains checked out.
2026-08-12T01:04:25,APPLY_APPROVED,DB_264MN032706A01_A_20260811_232337,85,264MN026171A01,A,@DB/264MN026171A01/A,COMPONENT_CLASS,component_class,WAEItem,COMPONENT_CLASS,String,C,C,A,YES,AQIL,BATCH_ABORTED_CHECKOUT,CHECKED_OUT,NONE,ALREADY_CHECKED_OUT,False,False,NO,,,,NOT_ATTEMPTED,,,Another target failed checkout; no attributes were changed. This target remains checked out.
2026-08-12T01:04:25,APPLY_APPROVED,DB_264MN032706A01_A_20260811_232337,85,264MN026171A01,A,@DB/264MN026171A01/A,Temperature_Sensitive,temperature_sensitive,WAEItem,Temperature_Sensitive,String,TBC,TBC,N,YES,AQIL,BATCH_ABORTED_CHECKOUT,CHECKED_OUT,NONE,ALREADY_CHECKED_OUT,False,False,NO,,,,NOT_ATTEMPTED,,,Another target failed checkout; no attributes were changed. This target remains checked out.
2026-08-12T01:04:25,APPLY_APPROVED,DB_264MN032706A01_A_20260811_232337,85,264MN026171A01,A,@DB/264MN026171A01/A,Hazardous,hazardous,WAEItem,WAE_Hazardous,String,,,N,YES,AQIL,BATCH_ABORTED_CHECKOUT,CHECKED_OUT,NONE,ALREADY_CHECKED_OUT,False,False,NO,,,,NOT_ATTEMPTED,,,Another target failed checkout; no attributes were changed. This target remains checked out.
2026-08-12T01:04:25,APPLY_APPROVED,DB_264MN032706A01_A_20260811_232337,86,264MN029995A01,A,@DB/264MN029995A01/A,Reference Notes,stocking_type,WAEItem,Stocking_Type,String,REF,REF,BUY,YES,AQIL,BATCH_ABORTED_CHECKOUT,CHECKED_OUT,NONE,ALREADY_CHECKED_OUT,False,False,NO,,,,NOT_ATTEMPTED,,,Another target failed checkout; no attributes were changed. This target remains checked out.
2026-08-12T01:04:25,APPLY_APPROVED,DB_264MN032706A01_A_20260811_232337,86,264MN029995A01,A,@DB/264MN029995A01/A,COMPONENT_CLASS,component_class,WAEItem,COMPONENT_CLASS,String,TBC,TBC,A,YES,AQIL,BATCH_ABORTED_CHECKOUT,CHECKED_OUT,NONE,ALREADY_CHECKED_OUT,False,False,NO,,,,NOT_ATTEMPTED,,,Another target failed checkout; no attributes were changed. This target remains checked out.
2026-08-12T01:04:25,APPLY_APPROVED,DB_264MN032706A01_A_20260811_232337,86,264MN029995A01,A,@DB/264MN029995A01/A,LIFED,shelf_life_limited,WAEItem,LIFED,String,TBC,TBC,N,YES,AQIL,BATCH_ABORTED_CHECKOUT,CHECKED_OUT,NONE,ALREADY_CHECKED_OUT,False,False,NO,,,,NOT_ATTEMPTED,,,Another target failed checkout; no attributes were changed. This target remains checked out.
2026-08-12T01:04:25,APPLY_APPROVED,DB_264MN032706A01_A_20260811_232337,86,264MN029995A01,A,@DB/264MN029995A01/A,Temperature_Sensitive,temperature_sensitive,WAEItem,Temperature_Sensitive,String,TBC,TBC,N,YES,AQIL,BATCH_ABORTED_CHECKOUT,CHECKED_OUT,NONE,ALREADY_CHECKED_OUT,False,False,NO,,,,NOT_ATTEMPTED,,,Another target failed checkout; no attributes were changed. This target remains checked out.
2026-08-12T01:04:25,APPLY_APPROVED,DB_264MN032706A01_A_20260811_232337,87,264MN032716A01,A,@DB/264MN032716A01/A,UOM,uom,WAEItem,Unit_Of_Measure,String,,,ea,YES,AQIL,BATCH_ABORTED_CHECKOUT,CHECKED_OUT,NONE,ALREADY_CHECKED_OUT,False,False,NO,,,,NOT_ATTEMPTED,,,Another target failed checkout; no attributes were changed. This target remains checked out.
2026-08-12T01:04:25,APPLY_APPROVED,DB_264MN032706A01_A_20260811_232337,87,264MN032716A01,A,@DB/264MN032716A01/A,Mfr. Name,manufacturer,WAEItem,MFG,String,,,FABRICATOR,YES,AQIL,BATCH_ABORTED_CHECKOUT,CHECKED_OUT,NONE,ALREADY_CHECKED_OUT,False,False,NO,,,,NOT_ATTEMPTED,,,Another target failed checkout; no attributes were changed. This target remains checked out.
2026-08-12T01:04:25,APPLY_APPROVED,DB_264MN032706A01_A_20260811_232337,87,264MN032716A01,A,@DB/264MN032716A01/A,Mfr. Part Number,manufacturer_part_number,WAEItem,MPN,String,,,264MN032716A01,YES,AQIL,BATCH_ABORTED_CHECKOUT,CHECKED_OUT,NONE,ALREADY_CHECKED_OUT,False,False,NO,,,,NOT_ATTEMPTED,,,Another target failed checkout; no attributes were changed. This target remains checked out.
2026-08-12T01:04:25,APPLY_APPROVED,DB_264MN032706A01_A_20260811_232337,87,264MN032716A01,A,@DB/264MN032716A01/A,Reference Notes,stocking_type,WAEItem,Stocking_Type,String,,,BUY,YES,AQIL,BATCH_ABORTED_CHECKOUT,CHECKED_OUT,NONE,ALREADY_CHECKED_OUT,False,False,NO,,,,NOT_ATTEMPTED,,,Another target failed checkout; no attributes were changed. This target remains checked out.
2026-08-12T01:04:25,APPLY_APPROVED,DB_264MN032706A01_A_20260811_232337,87,264MN032716A01,A,@DB/264MN032716A01/A,WAE_VERSION,wae_version,WAEItem,WAE_VERSION,String,,,1,YES,AQIL,BATCH_ABORTED_CHECKOUT,CHECKED_OUT,NONE,ALREADY_CHECKED_OUT,False,False,NO,,,,NOT_ATTEMPTED,,,Another target failed checkout; no attributes were changed. This target remains checked out.
2026-08-12T01:04:25,APPLY_APPROVED,DB_264MN032706A01_A_20260811_232337,87,264MN032716A01,A,@DB/264MN032716A01/A,COMPONENT_CLASS,component_class,WAEItem,COMPONENT_CLASS,String,,,NONE,YES,AQIL,BATCH_ABORTED_CHECKOUT,CHECKED_OUT,NONE,ALREADY_CHECKED_OUT,False,False,NO,,,,NOT_ATTEMPTED,,,Another target failed checkout; no attributes were changed. This target remains checked out.
2026-08-12T01:04:25,APPLY_APPROVED,DB_264MN032706A01_A_20260811_232337,87,264MN032716A01,A,@DB/264MN032716A01/A,LIFED,shelf_life_limited,WAEItem,LIFED,String,,,N,YES,AQIL,BATCH_ABORTED_CHECKOUT,CHECKED_OUT,NONE,ALREADY_CHECKED_OUT,False,False,NO,,,,NOT_ATTEMPTED,,,Another target failed checkout; no attributes were changed. This target remains checked out.
2026-08-12T01:04:25,APPLY_APPROVED,DB_264MN032706A01_A_20260811_232337,87,264MN032716A01,A,@DB/264MN032716A01/A,SERIAL_NUMBERED_PART,traceability,WAEItem,SERIAL_NUMBERED_PART,String,,,BATCH,YES,AQIL,BATCH_ABORTED_CHECKOUT,CHECKED_OUT,NONE,ALREADY_CHECKED_OUT,False,False,NO,,,,NOT_ATTEMPTED,,,Another target failed checkout; no attributes were changed. This target remains checked out.
2026-08-12T01:04:25,APPLY_APPROVED,DB_264MN032706A01_A_20260811_232337,87,264MN032716A01,A,@DB/264MN032716A01/A,Temperature_Sensitive,temperature_sensitive,WAEItem,Temperature_Sensitive,String,,,N,YES,AQIL,BATCH_ABORTED_CHECKOUT,CHECKED_OUT,NONE,ALREADY_CHECKED_OUT,False,False,NO,,,,NOT_ATTEMPTED,,,Another target failed checkout; no attributes were changed. This target remains checked out.
2026-08-12T01:04:25,APPLY_APPROVED,DB_264MN032706A01_A_20260811_232337,87,264MN032716A01,A,@DB/264MN032716A01/A,Hazardous,hazardous,WAEItem,WAE_Hazardous,String,,,N,YES,AQIL,BATCH_ABORTED_CHECKOUT,CHECKED_OUT,NONE,ALREADY_CHECKED_OUT,False,False,NO,,,,NOT_ATTEMPTED,,,Another target failed checkout; no attributes were changed. This target remains checked out.
2026-08-12T01:04:25,APPLY_APPROVED,DB_264MN032706A01_A_20260811_232337,87,264MN032716A01,A,@DB/264MN032716A01/A,COMMODITYTYPE,commodity_type,WAEItem,COMMODITYTYPE,String,,,TBC,YES,AQIL,BATCH_ABORTED_CHECKOUT,CHECKED_OUT,NONE,ALREADY_CHECKED_OUT,False,False,NO,,,,NOT_ATTEMPTED,,,Another target failed checkout; no attributes were changed. This target remains checked out.
2026-08-12T01:04:25,APPLY_APPROVED,DB_264MN032706A01_A_20260811_232337,87,264MN032716A01,A,@DB/264MN032716A01/A,Commodity_Code,commodity_code,WAEItem,Commodity_Code,String,,,TBC,YES,AQIL,BATCH_ABORTED_CHECKOUT,CHECKED_OUT,NONE,ALREADY_CHECKED_OUT,False,False,NO,,,,NOT_ATTEMPTED,,,Another target failed checkout; no attributes were changed. This target remains checked out.
2026-08-12T01:04:25,APPLY_APPROVED,DB_264MN032706A01_A_20260811_232337,87,264MN032716A01,A,@DB/264MN032716A01/A,Serviceable_item_flag,serviceable_item,WAEItem,Serviceable_item_flag,String,,,TBC,YES,AQIL,BATCH_ABORTED_CHECKOUT,CHECKED_OUT,NONE,ALREADY_CHECKED_OUT,False,False,NO,,,,NOT_ATTEMPTED,,,Another target failed checkout; no attributes were changed. This target remains checked out.
2026-08-12T01:04:25,APPLY_APPROVED,DB_264MN032706A01_A_20260811_232337,87,264MN032716A01,A,@DB/264MN032716A01/A,Export_Control_Number,export_control_number,WAEItem,Export_Control_Number,String,,,TBC,YES,AQIL,BATCH_ABORTED_CHECKOUT,CHECKED_OUT,NONE,ALREADY_CHECKED_OUT,False,False,NO,,,,NOT_ATTEMPTED,,,Another target failed checkout; no attributes were changed. This target remains checked out.
2026-08-12T01:04:25,APPLY_APPROVED,DB_264MN032706A01_A_20260811_232337,87,264MN032716A01,A,@DB/264MN032716A01/A,Country_of_Origin,country_of_origin,WAEItem,Country_of_Origin,String,,,TBC,YES,AQIL,BATCH_ABORTED_CHECKOUT,CHECKED_OUT,NONE,ALREADY_CHECKED_OUT,False,False,NO,,,,NOT_ATTEMPTED,,,Another target failed checkout; no attributes were changed. This target remains checked out.
2026-08-12T01:04:25,APPLY_APPROVED,DB_264MN032706A01_A_20260811_232337,88,264MN024537A01,A,@DB/264MN024537A01/A,WAE_VERSION,wae_version,WAEItem,WAE_VERSION,String,,,2,YES,AQIL,BATCH_ABORTED_CHECKOUT,CHECKED_OUT,NONE,ALREADY_CHECKED_OUT,False,False,NO,,,,NOT_ATTEMPTED,,,Another target failed checkout; no attributes were changed. This target remains checked out.
2026-08-12T01:04:25,APPLY_APPROVED,DB_264MN032706A01_A_20260811_232337,88,264MN024537A01,A,@DB/264MN024537A01/A,COMPONENT_CLASS,component_class,WAEItem,COMPONENT_CLASS,String,C,C,A,YES,AQIL,BATCH_ABORTED_CHECKOUT,CHECKED_OUT,NONE,ALREADY_CHECKED_OUT,False,False,NO,,,,NOT_ATTEMPTED,,,Another target failed checkout; no attributes were changed. This target remains checked out.
2026-08-12T01:04:25,APPLY_APPROVED,DB_264MN032706A01_A_20260811_232337,88,264MN024537A01,A,@DB/264MN024537A01/A,Temperature_Sensitive,temperature_sensitive,WAEItem,Temperature_Sensitive,String,TBC,TBC,N,YES,AQIL,BATCH_ABORTED_CHECKOUT,CHECKED_OUT,NONE,ALREADY_CHECKED_OUT,False,False,NO,,,,NOT_ATTEMPTED,,,Another target failed checkout; no attributes were changed. This target remains checked out.
2026-08-12T01:04:25,APPLY_APPROVED,DB_264MN032706A01_A_20260811_232337,88,264MN024537A01,A,@DB/264MN024537A01/A,Hazardous,hazardous,WAEItem,WAE_Hazardous,String,,,N,YES,AQIL,BATCH_ABORTED_CHECKOUT,CHECKED_OUT,NONE,ALREADY_CHECKED_OUT,False,False,NO,,,,NOT_ATTEMPTED,,,Another target failed checkout; no attributes were changed. This target remains checked out.
2026-08-12T01:04:25,APPLY_APPROVED,DB_264MN032706A01_A_20260811_232337,89,264MN032685A01,A,@DB/264MN032685A01/A,COMPONENT_CLASS,component_class,WAEItem,COMPONENT_CLASS,String,TBC,TBC,A,YES,AQIL,BATCH_ABORTED_CHECKOUT,CHECKED_OUT,NONE,ALREADY_CHECKED_OUT,False,False,NO,,,,NOT_ATTEMPTED,,,Another target failed checkout; no attributes were changed. This target remains checked out.
2026-08-12T01:04:25,APPLY_APPROVED,DB_264MN032706A01_A_20260811_232337,89,264MN032685A01,A,@DB/264MN032685A01/A,LIFED,shelf_life_limited,WAEItem,LIFED,String,TBC,TBC,N,YES,AQIL,BATCH_ABORTED_CHECKOUT,CHECKED_OUT,NONE,ALREADY_CHECKED_OUT,False,False,NO,,,,NOT_ATTEMPTED,,,Another target failed checkout; no attributes were changed. This target remains checked out.
2026-08-12T01:04:25,APPLY_APPROVED,DB_264MN032706A01_A_20260811_232337,89,264MN032685A01,A,@DB/264MN032685A01/A,Temperature_Sensitive,temperature_sensitive,WAEItem,Temperature_Sensitive,String,TBC,TBC,N,YES,AQIL,BATCH_ABORTED_CHECKOUT,CHECKED_OUT,NONE,ALREADY_CHECKED_OUT,False,False,NO,,,,NOT_ATTEMPTED,,,Another target failed checkout; no attributes were changed. This target remains checked out.
2026-08-12T01:04:25,APPLY_APPROVED,DB_264MN032706A01_A_20260811_232337,90,264MN032256A01,A,@DB/264MN032256A01/A,COMPONENT_CLASS,component_class,WAEItem,COMPONENT_CLASS,String,TBC,TBC,A,YES,AQIL,CHECKOUT_FAILED,CHECKED_OUT,NONE,FAILED,True,True,NO,,,,NOT_ATTEMPTED,,,Target is checked out but remains read-only. Checkout user: danial aiman (2dcf952ea3164c298d5cfa65ae36550e)
2026-08-12T01:04:25,APPLY_APPROVED,DB_264MN032706A01_A_20260811_232337,90,264MN032256A01,A,@DB/264MN032256A01/A,LIFED,shelf_life_limited,WAEItem,LIFED,String,TBC,TBC,N,YES,AQIL,CHECKOUT_FAILED,CHECKED_OUT,NONE,FAILED,True,True,NO,,,,NOT_ATTEMPTED,,,Target is checked out but remains read-only. Checkout user: danial aiman (2dcf952ea3164c298d5cfa65ae36550e)
2026-08-12T01:04:25,APPLY_APPROVED,DB_264MN032706A01_A_20260811_232337,90,264MN032256A01,A,@DB/264MN032256A01/A,Temperature_Sensitive,temperature_sensitive,WAEItem,Temperature_Sensitive,String,TBC,TBC,N,YES,AQIL,CHECKOUT_FAILED,CHECKED_OUT,NONE,FAILED,True,True,NO,,,,NOT_ATTEMPTED,,,Target is checked out but remains read-only. Checkout user: danial aiman (2dcf952ea3164c298d5cfa65ae36550e)
2026-08-12T01:04:25,APPLY_APPROVED,DB_264MN032706A01_A_20260811_232337,91,264MN021147A01,A,@DB/264MN021147A01/A,WAE_VERSION,wae_version,WAEItem,WAE_VERSION,String,,,2,YES,AQIL,CHECKOUT_FAILED,CHECKED_OUT,NONE,FAILED,True,True,NO,,,,NOT_ATTEMPTED,,,Target is checked out but remains read-only. Checkout user: danial aiman (2dcf952ea3164c298d5cfa65ae36550e)
2026-08-12T01:04:25,APPLY_APPROVED,DB_264MN032706A01_A_20260811_232337,91,264MN021147A01,A,@DB/264MN021147A01/A,Temperature_Sensitive,temperature_sensitive,WAEItem,Temperature_Sensitive,String,TBC,TBC,N,YES,AQIL,CHECKOUT_FAILED,CHECKED_OUT,NONE,FAILED,True,True,NO,,,,NOT_ATTEMPTED,,,Target is checked out but remains read-only. Checkout user: danial aiman (2dcf952ea3164c298d5cfa65ae36550e)
2026-08-12T01:04:25,APPLY_APPROVED,DB_264MN032706A01_A_20260811_232337,91,264MN021147A01,A,@DB/264MN021147A01/A,Hazardous,hazardous,WAEItem,WAE_Hazardous,String,,,N,YES,AQIL,CHECKOUT_FAILED,CHECKED_OUT,NONE,FAILED,True,True,NO,,,,NOT_ATTEMPTED,,,Target is checked out but remains read-only. Checkout user: danial aiman (2dcf952ea3164c298d5cfa65ae36550e)
2026-08-12T01:04:25,APPLY_APPROVED,DB_264MN032706A01_A_20260811_232337,92,264MN028590A01,A,@DB/264MN028590A01/A,WAE_VERSION,wae_version,WAEItem,WAE_VERSION,String,,,1,YES,AQIL,CHECKOUT_FAILED,CHECKED_OUT,NONE,FAILED,True,True,NO,,,,NOT_ATTEMPTED,,,Target is checked out but remains read-only. Checkout user: danial aiman (2dcf952ea3164c298d5cfa65ae36550e)
2026-08-12T01:04:25,APPLY_APPROVED,DB_264MN032706A01_A_20260811_232337,92,264MN028590A01,A,@DB/264MN028590A01/A,NX_FINISH,finish,WAEItem,NX_FINISH,String,TBC,TBC,N/A,YES,AQIL,CHECKOUT_FAILED,CHECKED_OUT,NONE,FAILED,True,True,NO,,,,NOT_ATTEMPTED,,,Target is checked out but remains read-only. Checkout user: danial aiman (2dcf952ea3164c298d5cfa65ae36550e)
2026-08-12T01:04:25,APPLY_APPROVED,DB_264MN032706A01_A_20260811_232337,92,264MN028590A01,A,@DB/264MN028590A01/A,COMPONENT_CLASS,component_class,WAEItem,COMPONENT_CLASS,String,TBC,TBC,NONE,YES,AQIL,CHECKOUT_FAILED,CHECKED_OUT,NONE,FAILED,True,True,NO,,,,NOT_ATTEMPTED,,,Target is checked out but remains read-only. Checkout user: danial aiman (2dcf952ea3164c298d5cfa65ae36550e)
2026-08-12T01:04:25,APPLY_APPROVED,DB_264MN032706A01_A_20260811_232337,92,264MN028590A01,A,@DB/264MN028590A01/A,LIFED,shelf_life_limited,WAEItem,LIFED,String,TBC,TBC,N,YES,AQIL,CHECKOUT_FAILED,CHECKED_OUT,NONE,FAILED,True,True,NO,,,,NOT_ATTEMPTED,,,Target is checked out but remains read-only. Checkout user: danial aiman (2dcf952ea3164c298d5cfa65ae36550e)
2026-08-12T01:04:25,APPLY_APPROVED,DB_264MN032706A01_A_20260811_232337,92,264MN028590A01,A,@DB/264MN028590A01/A,Temperature_Sensitive,temperature_sensitive,WAEItem,Temperature_Sensitive,String,TBC,TBC,N,YES,AQIL,CHECKOUT_FAILED,CHECKED_OUT,NONE,FAILED,True,True,NO,,,,NOT_ATTEMPTED,,,Target is checked out but remains read-only. Checkout user: danial aiman (2dcf952ea3164c298d5cfa65ae36550e)
2026-08-12T01:04:25,APPLY_APPROVED,DB_264MN032706A01_A_20260811_232337,92,264MN028590A01,A,@DB/264MN028590A01/A,Hazardous,hazardous,WAEItem,WAE_Hazardous,String,,,N,YES,AQIL,CHECKOUT_FAILED,CHECKED_OUT,NONE,FAILED,True,True,NO,,,,NOT_ATTEMPTED,,,Target is checked out but remains read-only. Checkout user: danial aiman (2dcf952ea3164c298d5cfa65ae36550e)
2026-08-12T01:04:25,APPLY_APPROVED,DB_264MN032706A01_A_20260811_232337,93,264MN030115A01,A,@DB/264MN030115A01/A,COMPONENT_CLASS,component_class,WAEItem,COMPONENT_CLASS,String,C,C,B,YES,AQIL,CHECKOUT_FAILED,CHECKED_OUT,NONE,FAILED,True,True,NO,,,,NOT_ATTEMPTED,,,Target is checked out but remains read-only. Checkout user: danial aiman (2dcf952ea3164c298d5cfa65ae36550e)
2026-08-12T01:04:25,APPLY_APPROVED,DB_264MN032706A01_A_20260811_232337,94,264MN029491A01,A,@DB/264MN029491A01/A,WAE_VERSION,wae_version,WAEItem,WAE_VERSION,String,,,1,YES,AQIL,CHECKOUT_FAILED,CHECKED_OUT,NONE,FAILED,True,True,NO,,,,NOT_ATTEMPTED,,,Target is checked out but remains read-only. Checkout user: danial aiman (2dcf952ea3164c298d5cfa65ae36550e)
2026-08-12T01:04:25,APPLY_APPROVED,DB_264MN032706A01_A_20260811_232337,94,264MN029491A01,A,@DB/264MN029491A01/A,NX_FINISH,finish,WAEItem,NX_FINISH,String,ZINC PLATED,ZINC PLATED,N/A,YES,AQIL,CHECKOUT_FAILED,CHECKED_OUT,NONE,FAILED,True,True,NO,,,,NOT_ATTEMPTED,,,Target is checked out but remains read-only. Checkout user: danial aiman (2dcf952ea3164c298d5cfa65ae36550e)
2026-08-12T01:04:25,APPLY_APPROVED,DB_264MN032706A01_A_20260811_232337,94,264MN029491A01,A,@DB/264MN029491A01/A,COMPONENT_CLASS,component_class,WAEItem,COMPONENT_CLASS,String,TBC,TBC,NONE,YES,AQIL,CHECKOUT_FAILED,CHECKED_OUT,NONE,FAILED,True,True,NO,,,,NOT_ATTEMPTED,,,Target is checked out but remains read-only. Checkout user: danial aiman (2dcf952ea3164c298d5cfa65ae36550e)
2026-08-12T01:04:25,APPLY_APPROVED,DB_264MN032706A01_A_20260811_232337,94,264MN029491A01,A,@DB/264MN029491A01/A,LIFED,shelf_life_limited,WAEItem,LIFED,String,TBC,TBC,N,YES,AQIL,CHECKOUT_FAILED,CHECKED_OUT,NONE,FAILED,True,True,NO,,,,NOT_ATTEMPTED,,,Target is checked out but remains read-only. Checkout user: danial aiman (2dcf952ea3164c298d5cfa65ae36550e)
2026-08-12T01:04:25,APPLY_APPROVED,DB_264MN032706A01_A_20260811_232337,94,264MN029491A01,A,@DB/264MN029491A01/A,Temperature_Sensitive,temperature_sensitive,WAEItem,Temperature_Sensitive,String,TBC,TBC,N,YES,AQIL,CHECKOUT_FAILED,CHECKED_OUT,NONE,FAILED,True,True,NO,,,,NOT_ATTEMPTED,,,Target is checked out but remains read-only. Checkout user: danial aiman (2dcf952ea3164c298d5cfa65ae36550e)
2026-08-12T01:04:25,APPLY_APPROVED,DB_264MN032706A01_A_20260811_232337,94,264MN029491A01,A,@DB/264MN029491A01/A,Hazardous,hazardous,WAEItem,WAE_Hazardous,String,,,N,YES,AQIL,CHECKOUT_FAILED,CHECKED_OUT,NONE,FAILED,True,True,NO,,,,NOT_ATTEMPTED,,,Target is checked out but remains read-only. Checkout user: danial aiman (2dcf952ea3164c298d5cfa65ae36550e)
2026-08-12T01:04:25,APPLY_APPROVED,DB_264MN032706A01_A_20260811_232337,95,264MN030114A01,A,@DB/264MN030114A01/A,NX_FINISH,finish,WAEItem,NX_FINISH,String,TBC,TBC,N/A,YES,AQIL,BATCH_ABORTED_CHECKOUT,CHECKED_OUT,NONE,ALREADY_CHECKED_OUT,False,False,NO,,,,NOT_ATTEMPTED,,,Another target failed checkout; no attributes were changed. This target remains checked out.
2026-08-12T01:04:25,APPLY_APPROVED,DB_264MN032706A01_A_20260811_232337,95,264MN030114A01,A,@DB/264MN030114A01/A,LIFED,shelf_life_limited,WAEItem,LIFED,String,TBC,TBC,N,YES,AQIL,BATCH_ABORTED_CHECKOUT,CHECKED_OUT,NONE,ALREADY_CHECKED_OUT,False,False,NO,,,,NOT_ATTEMPTED,,,Another target failed checkout; no attributes were changed. This target remains checked out.
2026-08-12T01:04:25,APPLY_APPROVED,DB_264MN032706A01_A_20260811_232337,95,264MN030114A01,A,@DB/264MN030114A01/A,Temperature_Sensitive,temperature_sensitive,WAEItem,Temperature_Sensitive,String,TBC,TBC,N,YES,AQIL,BATCH_ABORTED_CHECKOUT,CHECKED_OUT,NONE,ALREADY_CHECKED_OUT,False,False,NO,,,,NOT_ATTEMPTED,,,Another target failed checkout; no attributes were changed. This target remains checked out.
2026-08-12T01:04:25,APPLY_APPROVED,DB_264MN032706A01_A_20260811_232337,96,264MN030070A01,A,@DB/264MN030070A01/A,UOM,uom,WAEItem,Unit_Of_Measure,String,,,ea,YES,AQIL,CHECKOUT_FAILED,CHECKED_OUT,NONE,FAILED,True,True,NO,,,,NOT_ATTEMPTED,,,Target is checked out but remains read-only. Checkout user: danial aiman (2dcf952ea3164c298d5cfa65ae36550e)
2026-08-12T01:04:25,APPLY_APPROVED,DB_264MN032706A01_A_20260811_232337,96,264MN030070A01,A,@DB/264MN030070A01/A,Mfr. Name,manufacturer,WAEItem,MFG,String,,,FABRICATOR,YES,AQIL,CHECKOUT_FAILED,CHECKED_OUT,NONE,FAILED,True,True,NO,,,,NOT_ATTEMPTED,,,Target is checked out but remains read-only. Checkout user: danial aiman (2dcf952ea3164c298d5cfa65ae36550e)
2026-08-12T01:04:25,APPLY_APPROVED,DB_264MN032706A01_A_20260811_232337,96,264MN030070A01,A,@DB/264MN030070A01/A,Mfr. Part Number,manufacturer_part_number,WAEItem,MPN,String,,,264MN030070A01,YES,AQIL,CHECKOUT_FAILED,CHECKED_OUT,NONE,FAILED,True,True,NO,,,,NOT_ATTEMPTED,,,Target is checked out but remains read-only. Checkout user: danial aiman (2dcf952ea3164c298d5cfa65ae36550e)
2026-08-12T01:04:25,APPLY_APPROVED,DB_264MN032706A01_A_20260811_232337,96,264MN030070A01,A,@DB/264MN030070A01/A,Reference Notes,stocking_type,WAEItem,Stocking_Type,String,,,REF,YES,AQIL,CHECKOUT_FAILED,CHECKED_OUT,NONE,FAILED,True,True,NO,,,,NOT_ATTEMPTED,,,Target is checked out but remains read-only. Checkout user: danial aiman (2dcf952ea3164c298d5cfa65ae36550e)
2026-08-12T01:04:25,APPLY_APPROVED,DB_264MN032706A01_A_20260811_232337,96,264MN030070A01,A,@DB/264MN030070A01/A,WAE_VERSION,wae_version,WAEItem,WAE_VERSION,String,,,1,YES,AQIL,CHECKOUT_FAILED,CHECKED_OUT,NONE,FAILED,True,True,NO,,,,NOT_ATTEMPTED,,,Target is checked out but remains read-only. Checkout user: danial aiman (2dcf952ea3164c298d5cfa65ae36550e)
2026-08-12T01:04:25,APPLY_APPROVED,DB_264MN032706A01_A_20260811_232337,96,264MN030070A01,A,@DB/264MN030070A01/A,NX_FINISH,finish,WAEItem,NX_FINISH,String,,,N/A,YES,AQIL,CHECKOUT_FAILED,CHECKED_OUT,NONE,FAILED,True,True,NO,,,,NOT_ATTEMPTED,,,Target is checked out but remains read-only. Checkout user: danial aiman (2dcf952ea3164c298d5cfa65ae36550e)
2026-08-12T01:04:25,APPLY_APPROVED,DB_264MN032706A01_A_20260811_232337,96,264MN030070A01,A,@DB/264MN030070A01/A,COMPONENT_CLASS,component_class,WAEItem,COMPONENT_CLASS,String,,,B,YES,AQIL,CHECKOUT_FAILED,CHECKED_OUT,NONE,FAILED,True,True,NO,,,,NOT_ATTEMPTED,,,Target is checked out but remains read-only. Checkout user: danial aiman (2dcf952ea3164c298d5cfa65ae36550e)
2026-08-12T01:04:25,APPLY_APPROVED,DB_264MN032706A01_A_20260811_232337,96,264MN030070A01,A,@DB/264MN030070A01/A,LIFED,shelf_life_limited,WAEItem,LIFED,String,,,N,YES,AQIL,CHECKOUT_FAILED,CHECKED_OUT,NONE,FAILED,True,True,NO,,,,NOT_ATTEMPTED,,,Target is checked out but remains read-only. Checkout user: danial aiman (2dcf952ea3164c298d5cfa65ae36550e)
2026-08-12T01:04:25,APPLY_APPROVED,DB_264MN032706A01_A_20260811_232337,96,264MN030070A01,A,@DB/264MN030070A01/A,SERIAL_NUMBERED_PART,traceability,WAEItem,SERIAL_NUMBERED_PART,String,,,BATCH,YES,AQIL,CHECKOUT_FAILED,CHECKED_OUT,NONE,FAILED,True,True,NO,,,,NOT_ATTEMPTED,,,Target is checked out but remains read-only. Checkout user: danial aiman (2dcf952ea3164c298d5cfa65ae36550e)
2026-08-12T01:04:25,APPLY_APPROVED,DB_264MN032706A01_A_20260811_232337,96,264MN030070A01,A,@DB/264MN030070A01/A,Temperature_Sensitive,temperature_sensitive,WAEItem,Temperature_Sensitive,String,,,N,YES,AQIL,CHECKOUT_FAILED,CHECKED_OUT,NONE,FAILED,True,True,NO,,,,NOT_ATTEMPTED,,,Target is checked out but remains read-only. Checkout user: danial aiman (2dcf952ea3164c298d5cfa65ae36550e)
2026-08-12T01:04:25,APPLY_APPROVED,DB_264MN032706A01_A_20260811_232337,96,264MN030070A01,A,@DB/264MN030070A01/A,Hazardous,hazardous,WAEItem,WAE_Hazardous,String,,,N,YES,AQIL,CHECKOUT_FAILED,CHECKED_OUT,NONE,FAILED,True,True,NO,,,,NOT_ATTEMPTED,,,Target is checked out but remains read-only. Checkout user: danial aiman (2dcf952ea3164c298d5cfa65ae36550e)
2026-08-12T01:04:25,APPLY_APPROVED,DB_264MN032706A01_A_20260811_232337,96,264MN030070A01,A,@DB/264MN030070A01/A,COMMODITYTYPE,commodity_type,WAEItem,COMMODITYTYPE,String,,,TBC,YES,AQIL,CHECKOUT_FAILED,CHECKED_OUT,NONE,FAILED,True,True,NO,,,,NOT_ATTEMPTED,,,Target is checked out but remains read-only. Checkout user: danial aiman (2dcf952ea3164c298d5cfa65ae36550e)
2026-08-12T01:04:25,APPLY_APPROVED,DB_264MN032706A01_A_20260811_232337,96,264MN030070A01,A,@DB/264MN030070A01/A,Commodity_Code,commodity_code,WAEItem,Commodity_Code,String,,,TBC,YES,AQIL,CHECKOUT_FAILED,CHECKED_OUT,NONE,FAILED,True,True,NO,,,,NOT_ATTEMPTED,,,Target is checked out but remains read-only. Checkout user: danial aiman (2dcf952ea3164c298d5cfa65ae36550e)
2026-08-12T01:04:25,APPLY_APPROVED,DB_264MN032706A01_A_20260811_232337,96,264MN030070A01,A,@DB/264MN030070A01/A,Serviceable_item_flag,serviceable_item,WAEItem,Serviceable_item_flag,String,,,TBC,YES,AQIL,CHECKOUT_FAILED,CHECKED_OUT,NONE,FAILED,True,True,NO,,,,NOT_ATTEMPTED,,,Target is checked out but remains read-only. Checkout user: danial aiman (2dcf952ea3164c298d5cfa65ae36550e)
2026-08-12T01:04:25,APPLY_APPROVED,DB_264MN032706A01_A_20260811_232337,96,264MN030070A01,A,@DB/264MN030070A01/A,Export_Control_Number,export_control_number,WAEItem,Export_Control_Number,String,,,TBC,YES,AQIL,CHECKOUT_FAILED,CHECKED_OUT,NONE,FAILED,True,True,NO,,,,NOT_ATTEMPTED,,,Target is checked out but remains read-only. Checkout user: danial aiman (2dcf952ea3164c298d5cfa65ae36550e)
2026-08-12T01:04:25,APPLY_APPROVED,DB_264MN032706A01_A_20260811_232337,96,264MN030070A01,A,@DB/264MN030070A01/A,Country_of_Origin,country_of_origin,WAEItem,Country_of_Origin,String,,,TBC,YES,AQIL,CHECKOUT_FAILED,CHECKED_OUT,NONE,FAILED,True,True,NO,,,,NOT_ATTEMPTED,,,Target is checked out but remains read-only. Checkout user: danial aiman (2dcf952ea3164c298d5cfa65ae36550e)
2026-08-12T01:04:25,APPLY_APPROVED,DB_264MN032706A01_A_20260811_232337,97,264MN030060A01,A,@DB/264MN030060A01/A,NX_FINISH,finish,WAEItem,NX_FINISH,String,TBC,TBC,N/A,YES,AQIL,BATCH_ABORTED_CHECKOUT,CHECKED_OUT,NONE,ALREADY_CHECKED_OUT,False,False,NO,,,,NOT_ATTEMPTED,,,Another target failed checkout; no attributes were changed. This target remains checked out.
2026-08-12T01:04:25,APPLY_APPROVED,DB_264MN032706A01_A_20260811_232337,97,264MN030060A01,A,@DB/264MN030060A01/A,LIFED,shelf_life_limited,WAEItem,LIFED,String,TBC,TBC,N,YES,AQIL,BATCH_ABORTED_CHECKOUT,CHECKED_OUT,NONE,ALREADY_CHECKED_OUT,False,False,NO,,,,NOT_ATTEMPTED,,,Another target failed checkout; no attributes were changed. This target remains checked out.
2026-08-12T01:04:25,APPLY_APPROVED,DB_264MN032706A01_A_20260811_232337,97,264MN030060A01,A,@DB/264MN030060A01/A,Temperature_Sensitive,temperature_sensitive,WAEItem,Temperature_Sensitive,String,TBC,TBC,N,YES,AQIL,BATCH_ABORTED_CHECKOUT,CHECKED_OUT,NONE,ALREADY_CHECKED_OUT,False,False,NO,,,,NOT_ATTEMPTED,,,Another target failed checkout; no attributes were changed. This target remains checked out.
2026-08-12T01:04:25,APPLY_APPROVED,DB_264MN032706A01_A_20260811_232337,98,264MN030068A01,A,@DB/264MN030068A01/A,NX_FINISH,finish,WAEItem,NX_FINISH,String,TBC,TBC,N/A,YES,AQIL,CHECKOUT_FAILED,CHECKED_OUT,NONE,FAILED,True,True,NO,,,,NOT_ATTEMPTED,,,Target is checked out but remains read-only. Checkout user: danial aiman (2dcf952ea3164c298d5cfa65ae36550e)
2026-08-12T01:04:25,APPLY_APPROVED,DB_264MN032706A01_A_20260811_232337,98,264MN030068A01,A,@DB/264MN030068A01/A,COMPONENT_CLASS,component_class,WAEItem,COMPONENT_CLASS,String,TBC,TBC,NONE,YES,AQIL,CHECKOUT_FAILED,CHECKED_OUT,NONE,FAILED,True,True,NO,,,,NOT_ATTEMPTED,,,Target is checked out but remains read-only. Checkout user: danial aiman (2dcf952ea3164c298d5cfa65ae36550e)
2026-08-12T01:04:25,APPLY_APPROVED,DB_264MN032706A01_A_20260811_232337,98,264MN030068A01,A,@DB/264MN030068A01/A,LIFED,shelf_life_limited,WAEItem,LIFED,String,TBC,TBC,N,YES,AQIL,CHECKOUT_FAILED,CHECKED_OUT,NONE,FAILED,True,True,NO,,,,NOT_ATTEMPTED,,,Target is checked out but remains read-only. Checkout user: danial aiman (2dcf952ea3164c298d5cfa65ae36550e)
2026-08-12T01:04:25,APPLY_APPROVED,DB_264MN032706A01_A_20260811_232337,98,264MN030068A01,A,@DB/264MN030068A01/A,Temperature_Sensitive,temperature_sensitive,WAEItem,Temperature_Sensitive,String,TBC,TBC,N,YES,AQIL,CHECKOUT_FAILED,CHECKED_OUT,NONE,FAILED,True,True,NO,,,,NOT_ATTEMPTED,,,Target is checked out but remains read-only. Checkout user: danial aiman (2dcf952ea3164c298d5cfa65ae36550e)
2026-08-12T01:04:25,APPLY_APPROVED,DB_264MN032706A01_A_20260811_232337,99,264MN029984A01,A,@DB/264MN029984A01/A,NX_FINISH,finish,WAEItem,NX_FINISH,String,TBC,TBC,N/A,YES,AQIL,BATCH_ABORTED_CHECKOUT,CHECKED_OUT,NONE,ALREADY_CHECKED_OUT,False,False,NO,,,,NOT_ATTEMPTED,,,Another target failed checkout; no attributes were changed. This target remains checked out.
2026-08-12T01:04:25,APPLY_APPROVED,DB_264MN032706A01_A_20260811_232337,99,264MN029984A01,A,@DB/264MN029984A01/A,COMPONENT_CLASS,component_class,WAEItem,COMPONENT_CLASS,String,C,C,B,YES,AQIL,BATCH_ABORTED_CHECKOUT,CHECKED_OUT,NONE,ALREADY_CHECKED_OUT,False,False,NO,,,,NOT_ATTEMPTED,,,Another target failed checkout; no attributes were changed. This target remains checked out.
2026-08-12T01:04:25,APPLY_APPROVED,DB_264MN032706A01_A_20260811_232337,99,264MN029984A01,A,@DB/264MN029984A01/A,LIFED,shelf_life_limited,WAEItem,LIFED,String,TBC,TBC,N,YES,AQIL,BATCH_ABORTED_CHECKOUT,CHECKED_OUT,NONE,ALREADY_CHECKED_OUT,False,False,NO,,,,NOT_ATTEMPTED,,,Another target failed checkout; no attributes were changed. This target remains checked out.
2026-08-12T01:04:25,APPLY_APPROVED,DB_264MN032706A01_A_20260811_232337,99,264MN029984A01,A,@DB/264MN029984A01/A,Temperature_Sensitive,temperature_sensitive,WAEItem,Temperature_Sensitive,String,TBC,TBC,N,YES,AQIL,BATCH_ABORTED_CHECKOUT,CHECKED_OUT,NONE,ALREADY_CHECKED_OUT,False,False,NO,,,,NOT_ATTEMPTED,,,Another target failed checkout; no attributes were changed. This target remains checked out.
2026-08-12T01:04:25,APPLY_APPROVED,DB_264MN032706A01_A_20260811_232337,100,264MN034652A01,A,@DB/264MN034652A01/A,,,,,,,,,NO,,NO_CHANGE,,,,,,NO,,,,NOT_REQUIRED,,,CSV business values match the Journal 04 baseline.
2026-08-12T01:04:25,APPLY_APPROVED,DB_264MN032706A01_A_20260811_232337,101,264MN029982A01,A,@DB/264MN029982A01/A,NX_FINISH,finish,WAEItem,NX_FINISH,String,TBC,TBC,N/A,YES,AQIL,BATCH_ABORTED_CHECKOUT,CHECKED_OUT,NONE,ALREADY_CHECKED_OUT,False,False,NO,,,,NOT_ATTEMPTED,,,Another target failed checkout; no attributes were changed. This target remains checked out.
2026-08-12T01:04:25,APPLY_APPROVED,DB_264MN032706A01_A_20260811_232337,101,264MN029982A01,A,@DB/264MN029982A01/A,LIFED,shelf_life_limited,WAEItem,LIFED,String,TBC,TBC,N,YES,AQIL,BATCH_ABORTED_CHECKOUT,CHECKED_OUT,NONE,ALREADY_CHECKED_OUT,False,False,NO,,,,NOT_ATTEMPTED,,,Another target failed checkout; no attributes were changed. This target remains checked out.
2026-08-12T01:04:25,APPLY_APPROVED,DB_264MN032706A01_A_20260811_232337,101,264MN029982A01,A,@DB/264MN029982A01/A,Temperature_Sensitive,temperature_sensitive,WAEItem,Temperature_Sensitive,String,TBC,TBC,N,YES,AQIL,BATCH_ABORTED_CHECKOUT,CHECKED_OUT,NONE,ALREADY_CHECKED_OUT,False,False,NO,,,,NOT_ATTEMPTED,,,Another target failed checkout; no attributes were changed. This target remains checked out.
2026-08-12T01:04:25,APPLY_APPROVED,DB_264MN032706A01_A_20260811_232337,102,264MN028483A01,A,@DB/264MN028483A01/A,WAE_VERSION,wae_version,WAEItem,WAE_VERSION,String,,,2,YES,AQIL,CHECKOUT_FAILED,CHECKED_OUT,NONE,FAILED,True,True,NO,,,,NOT_ATTEMPTED,,,Target is checked out but remains read-only. Checkout user: zainal azfar (c88b57d99f264eb49553d5e582964f03)
2026-08-12T01:04:25,APPLY_APPROVED,DB_264MN032706A01_A_20260811_232337,102,264MN028483A01,A,@DB/264MN028483A01/A,LIFED,shelf_life_limited,WAEItem,LIFED,String,TBC,TBC,N,YES,AQIL,CHECKOUT_FAILED,CHECKED_OUT,NONE,FAILED,True,True,NO,,,,NOT_ATTEMPTED,,,Target is checked out but remains read-only. Checkout user: zainal azfar (c88b57d99f264eb49553d5e582964f03)
2026-08-12T01:04:25,APPLY_APPROVED,DB_264MN032706A01_A_20260811_232337,102,264MN028483A01,A,@DB/264MN028483A01/A,Temperature_Sensitive,temperature_sensitive,WAEItem,Temperature_Sensitive,String,TBC,TBC,N,YES,AQIL,CHECKOUT_FAILED,CHECKED_OUT,NONE,FAILED,True,True,NO,,,,NOT_ATTEMPTED,,,Target is checked out but remains read-only. Checkout user: zainal azfar (c88b57d99f264eb49553d5e582964f03)
2026-08-12T01:04:25,APPLY_APPROVED,DB_264MN032706A01_A_20260811_232337,102,264MN028483A01,A,@DB/264MN028483A01/A,Hazardous,hazardous,WAEItem,WAE_Hazardous,String,,,N,YES,AQIL,CHECKOUT_FAILED,CHECKED_OUT,NONE,FAILED,True,True,NO,,,,NOT_ATTEMPTED,,,Target is checked out but remains read-only. Checkout user: zainal azfar (c88b57d99f264eb49553d5e582964f03)
2026-08-12T01:04:25,APPLY_APPROVED,DB_264MN032706A01_A_20260811_232337,103,264MN028480A01,A,@DB/264MN028480A01/A,WAE_VERSION,wae_version,WAEItem,WAE_VERSION,String,,,2,YES,AQIL,CHECKOUT_FAILED,CHECKED_OUT,NONE,FAILED,True,True,NO,,,,NOT_ATTEMPTED,,,Target is checked out but remains read-only. Checkout user: zainal azfar (c88b57d99f264eb49553d5e582964f03)
2026-08-12T01:04:25,APPLY_APPROVED,DB_264MN032706A01_A_20260811_232337,103,264MN028480A01,A,@DB/264MN028480A01/A,NX_FINISH,finish,WAEItem,NX_FINISH,String,TBC,TBC,N/A,YES,AQIL,CHECKOUT_FAILED,CHECKED_OUT,NONE,FAILED,True,True,NO,,,,NOT_ATTEMPTED,,,Target is checked out but remains read-only. Checkout user: zainal azfar (c88b57d99f264eb49553d5e582964f03)
2026-08-12T01:04:25,APPLY_APPROVED,DB_264MN032706A01_A_20260811_232337,103,264MN028480A01,A,@DB/264MN028480A01/A,COMPONENT_CLASS,component_class,WAEItem,COMPONENT_CLASS,String,TBC,TBC,C,YES,AQIL,CHECKOUT_FAILED,CHECKED_OUT,NONE,FAILED,True,True,NO,,,,NOT_ATTEMPTED,,,Target is checked out but remains read-only. Checkout user: zainal azfar (c88b57d99f264eb49553d5e582964f03)
2026-08-12T01:04:25,APPLY_APPROVED,DB_264MN032706A01_A_20260811_232337,103,264MN028480A01,A,@DB/264MN028480A01/A,LIFED,shelf_life_limited,WAEItem,LIFED,String,TBC,TBC,N,YES,AQIL,CHECKOUT_FAILED,CHECKED_OUT,NONE,FAILED,True,True,NO,,,,NOT_ATTEMPTED,,,Target is checked out but remains read-only. Checkout user: zainal azfar (c88b57d99f264eb49553d5e582964f03)
2026-08-12T01:04:25,APPLY_APPROVED,DB_264MN032706A01_A_20260811_232337,103,264MN028480A01,A,@DB/264MN028480A01/A,Temperature_Sensitive,temperature_sensitive,WAEItem,Temperature_Sensitive,String,TBC,TBC,N,YES,AQIL,CHECKOUT_FAILED,CHECKED_OUT,NONE,FAILED,True,True,NO,,,,NOT_ATTEMPTED,,,Target is checked out but remains read-only. Checkout user: zainal azfar (c88b57d99f264eb49553d5e582964f03)
2026-08-12T01:04:25,APPLY_APPROVED,DB_264MN032706A01_A_20260811_232337,103,264MN028480A01,A,@DB/264MN028480A01/A,Hazardous,hazardous,WAEItem,WAE_Hazardous,String,,,N,YES,AQIL,CHECKOUT_FAILED,CHECKED_OUT,NONE,FAILED,True,True,NO,,,,NOT_ATTEMPTED,,,Target is checked out but remains read-only. Checkout user: zainal azfar (c88b57d99f264eb49553d5e582964f03)
2026-08-12T01:04:25,APPLY_APPROVED,DB_264MN032706A01_A_20260811_232337,104,264MN025296A01,A,@DB/264MN025296A01/A,WAE_VERSION,wae_version,WAEItem,WAE_VERSION,String,,,2,YES,AQIL,CHECKOUT_FAILED,CHECKED_OUT,NONE,FAILED,True,True,NO,,,,NOT_ATTEMPTED,,,Target is checked out but remains read-only. Checkout user: zainal azfar (c88b57d99f264eb49553d5e582964f03)
2026-08-12T01:04:25,APPLY_APPROVED,DB_264MN032706A01_A_20260811_232337,104,264MN025296A01,A,@DB/264MN025296A01/A,NX_FINISH,finish,WAEItem,NX_FINISH,String,TBC,TBC,N/A,YES,AQIL,CHECKOUT_FAILED,CHECKED_OUT,NONE,FAILED,True,True,NO,,,,NOT_ATTEMPTED,,,Target is checked out but remains read-only. Checkout user: zainal azfar (c88b57d99f264eb49553d5e582964f03)
2026-08-12T01:04:25,APPLY_APPROVED,DB_264MN032706A01_A_20260811_232337,104,264MN025296A01,A,@DB/264MN025296A01/A,LIFED,shelf_life_limited,WAEItem,LIFED,String,TBC,TBC,N,YES,AQIL,CHECKOUT_FAILED,CHECKED_OUT,NONE,FAILED,True,True,NO,,,,NOT_ATTEMPTED,,,Target is checked out but remains read-only. Checkout user: zainal azfar (c88b57d99f264eb49553d5e582964f03)
2026-08-12T01:04:25,APPLY_APPROVED,DB_264MN032706A01_A_20260811_232337,104,264MN025296A01,A,@DB/264MN025296A01/A,Temperature_Sensitive,temperature_sensitive,WAEItem,Temperature_Sensitive,String,TBC,TBC,N,YES,AQIL,CHECKOUT_FAILED,CHECKED_OUT,NONE,FAILED,True,True,NO,,,,NOT_ATTEMPTED,,,Target is checked out but remains read-only. Checkout user: zainal azfar (c88b57d99f264eb49553d5e582964f03)
2026-08-12T01:04:25,APPLY_APPROVED,DB_264MN032706A01_A_20260811_232337,104,264MN025296A01,A,@DB/264MN025296A01/A,Hazardous,hazardous,WAEItem,WAE_Hazardous,String,,,N,YES,AQIL,CHECKOUT_FAILED,CHECKED_OUT,NONE,FAILED,True,True,NO,,,,NOT_ATTEMPTED,,,Target is checked out but remains read-only. Checkout user: zainal azfar (c88b57d99f264eb49553d5e582964f03)
2026-08-12T01:04:25,APPLY_APPROVED,DB_264MN032706A01_A_20260811_232337,105,264MN024660A01,A,@DB/264MN024660A01/A,WAE_VERSION,wae_version,WAEItem,WAE_VERSION,String,,,2,YES,AQIL,CHECKOUT_FAILED,CHECKED_OUT,NONE,FAILED,True,True,NO,,,,NOT_ATTEMPTED,,,Target is checked out but remains read-only. Checkout user: zainal azfar (c88b57d99f264eb49553d5e582964f03)
2026-08-12T01:04:25,APPLY_APPROVED,DB_264MN032706A01_A_20260811_232337,105,264MN024660A01,A,@DB/264MN024660A01/A,Temperature_Sensitive,temperature_sensitive,WAEItem,Temperature_Sensitive,String,TBC,TBC,N,YES,AQIL,CHECKOUT_FAILED,CHECKED_OUT,NONE,FAILED,True,True,NO,,,,NOT_ATTEMPTED,,,Target is checked out but remains read-only. Checkout user: zainal azfar (c88b57d99f264eb49553d5e582964f03)
2026-08-12T01:04:25,APPLY_APPROVED,DB_264MN032706A01_A_20260811_232337,105,264MN024660A01,A,@DB/264MN024660A01/A,Hazardous,hazardous,WAEItem,WAE_Hazardous,String,,,N,YES,AQIL,CHECKOUT_FAILED,CHECKED_OUT,NONE,FAILED,True,True,NO,,,,NOT_ATTEMPTED,,,Target is checked out but remains read-only. Checkout user: zainal azfar (c88b57d99f264eb49553d5e582964f03)
2026-08-12T01:04:25,APPLY_APPROVED,DB_264MN032706A01_A_20260811_232337,106,264MN024658A01,A,@DB/264MN024658A01/A,WAE_VERSION,wae_version,WAEItem,WAE_VERSION,String,,,2,YES,AQIL,CHECKOUT_FAILED,CHECKED_OUT,NONE,FAILED,True,True,NO,,,,NOT_ATTEMPTED,,,Target is checked out but remains read-only. Checkout user: zainal azfar (c88b57d99f264eb49553d5e582964f03)
2026-08-12T01:04:25,APPLY_APPROVED,DB_264MN032706A01_A_20260811_232337,106,264MN024658A01,A,@DB/264MN024658A01/A,NX_FINISH,finish,WAEItem,NX_FINISH,String,TBC,TBC,N/A,YES,AQIL,CHECKOUT_FAILED,CHECKED_OUT,NONE,FAILED,True,True,NO,,,,NOT_ATTEMPTED,,,Target is checked out but remains read-only. Checkout user: zainal azfar (c88b57d99f264eb49553d5e582964f03)
2026-08-12T01:04:25,APPLY_APPROVED,DB_264MN032706A01_A_20260811_232337,106,264MN024658A01,A,@DB/264MN024658A01/A,COMPONENT_CLASS,component_class,WAEItem,COMPONENT_CLASS,String,TBC,TBC,C,YES,AQIL,CHECKOUT_FAILED,CHECKED_OUT,NONE,FAILED,True,True,NO,,,,NOT_ATTEMPTED,,,Target is checked out but remains read-only. Checkout user: zainal azfar (c88b57d99f264eb49553d5e582964f03)
2026-08-12T01:04:25,APPLY_APPROVED,DB_264MN032706A01_A_20260811_232337,106,264MN024658A01,A,@DB/264MN024658A01/A,Temperature_Sensitive,temperature_sensitive,WAEItem,Temperature_Sensitive,String,TBC,TBC,N,YES,AQIL,CHECKOUT_FAILED,CHECKED_OUT,NONE,FAILED,True,True,NO,,,,NOT_ATTEMPTED,,,Target is checked out but remains read-only. Checkout user: zainal azfar (c88b57d99f264eb49553d5e582964f03)
2026-08-12T01:04:25,APPLY_APPROVED,DB_264MN032706A01_A_20260811_232337,106,264MN024658A01,A,@DB/264MN024658A01/A,Hazardous,hazardous,WAEItem,WAE_Hazardous,String,,,N,YES,AQIL,CHECKOUT_FAILED,CHECKED_OUT,NONE,FAILED,True,True,NO,,,,NOT_ATTEMPTED,,,Target is checked out but remains read-only. Checkout user: zainal azfar (c88b57d99f264eb49553d5e582964f03)
2026-08-12T01:04:25,APPLY_APPROVED,DB_264MN032706A01_A_20260811_232337,107,264MN024659A01,A,@DB/264MN024659A01/A,WAE_VERSION,wae_version,WAEItem,WAE_VERSION,String,,,2,YES,AQIL,CHECKOUT_FAILED,CHECKED_OUT,NONE,FAILED,True,True,NO,,,,NOT_ATTEMPTED,,,Target is checked out but remains read-only. Checkout user: zainal azfar (c88b57d99f264eb49553d5e582964f03)
2026-08-12T01:04:25,APPLY_APPROVED,DB_264MN032706A01_A_20260811_232337,107,264MN024659A01,A,@DB/264MN024659A01/A,NX_FINISH,finish,WAEItem,NX_FINISH,String,TBC,TBC,N/A,YES,AQIL,CHECKOUT_FAILED,CHECKED_OUT,NONE,FAILED,True,True,NO,,,,NOT_ATTEMPTED,,,Target is checked out but remains read-only. Checkout user: zainal azfar (c88b57d99f264eb49553d5e582964f03)
2026-08-12T01:04:25,APPLY_APPROVED,DB_264MN032706A01_A_20260811_232337,107,264MN024659A01,A,@DB/264MN024659A01/A,COMPONENT_CLASS,component_class,WAEItem,COMPONENT_CLASS,String,TBC,TBC,C,YES,AQIL,CHECKOUT_FAILED,CHECKED_OUT,NONE,FAILED,True,True,NO,,,,NOT_ATTEMPTED,,,Target is checked out but remains read-only. Checkout user: zainal azfar (c88b57d99f264eb49553d5e582964f03)
2026-08-12T01:04:25,APPLY_APPROVED,DB_264MN032706A01_A_20260811_232337,107,264MN024659A01,A,@DB/264MN024659A01/A,Temperature_Sensitive,temperature_sensitive,WAEItem,Temperature_Sensitive,String,TBC,TBC,N,YES,AQIL,CHECKOUT_FAILED,CHECKED_OUT,NONE,FAILED,True,True,NO,,,,NOT_ATTEMPTED,,,Target is checked out but remains read-only. Checkout user: zainal azfar (c88b57d99f264eb49553d5e582964f03)
2026-08-12T01:04:25,APPLY_APPROVED,DB_264MN032706A01_A_20260811_232337,107,264MN024659A01,A,@DB/264MN024659A01/A,Hazardous,hazardous,WAEItem,WAE_Hazardous,String,,,N,YES,AQIL,CHECKOUT_FAILED,CHECKED_OUT,NONE,FAILED,True,True,NO,,,,NOT_ATTEMPTED,,,Target is checked out but remains read-only. Checkout user: zainal azfar (c88b57d99f264eb49553d5e582964f03)
2026-08-12T01:04:25,APPLY_APPROVED,DB_264MN032706A01_A_20260811_232337,108,264MN024651A01,A,@DB/264MN024651A01/A,WAE_VERSION,wae_version,WAEItem,WAE_VERSION,String,,,2,YES,AQIL,BATCH_ABORTED_CHECKOUT,CHECKED_OUT,NONE,ALREADY_CHECKED_OUT,False,False,NO,,,,NOT_ATTEMPTED,,,Another target failed checkout; no attributes were changed. This target remains checked out.
2026-08-12T01:04:25,APPLY_APPROVED,DB_264MN032706A01_A_20260811_232337,108,264MN024651A01,A,@DB/264MN024651A01/A,COMPONENT_CLASS,component_class,WAEItem,COMPONENT_CLASS,String,TBC,TBC,C,YES,AQIL,BATCH_ABORTED_CHECKOUT,CHECKED_OUT,NONE,ALREADY_CHECKED_OUT,False,False,NO,,,,NOT_ATTEMPTED,,,Another target failed checkout; no attributes were changed. This target remains checked out.
2026-08-12T01:04:25,APPLY_APPROVED,DB_264MN032706A01_A_20260811_232337,108,264MN024651A01,A,@DB/264MN024651A01/A,Temperature_Sensitive,temperature_sensitive,WAEItem,Temperature_Sensitive,String,TBC,TBC,N,YES,AQIL,BATCH_ABORTED_CHECKOUT,CHECKED_OUT,NONE,ALREADY_CHECKED_OUT,False,False,NO,,,,NOT_ATTEMPTED,,,Another target failed checkout; no attributes were changed. This target remains checked out.
2026-08-12T01:04:25,APPLY_APPROVED,DB_264MN032706A01_A_20260811_232337,108,264MN024651A01,A,@DB/264MN024651A01/A,Hazardous,hazardous,WAEItem,WAE_Hazardous,String,,,N,YES,AQIL,BATCH_ABORTED_CHECKOUT,CHECKED_OUT,NONE,ALREADY_CHECKED_OUT,False,False,NO,,,,NOT_ATTEMPTED,,,Another target failed checkout; no attributes were changed. This target remains checked out.
2026-08-12T01:04:25,APPLY_APPROVED,DB_264MN032706A01_A_20260811_232337,109,264MN024655A01,A,@DB/264MN024655A01/A,WAE_VERSION,wae_version,WAEItem,WAE_VERSION,String,,,2,YES,AQIL,CHECKOUT_FAILED,CHECKED_OUT,NONE,FAILED,True,True,NO,,,,NOT_ATTEMPTED,,,Target is checked out but remains read-only. Checkout user: danial aiman (2dcf952ea3164c298d5cfa65ae36550e)
2026-08-12T01:04:25,APPLY_APPROVED,DB_264MN032706A01_A_20260811_232337,109,264MN024655A01,A,@DB/264MN024655A01/A,COMPONENT_CLASS,component_class,WAEItem,COMPONENT_CLASS,String,TBC,TBC,NONE,YES,AQIL,CHECKOUT_FAILED,CHECKED_OUT,NONE,FAILED,True,True,NO,,,,NOT_ATTEMPTED,,,Target is checked out but remains read-only. Checkout user: danial aiman (2dcf952ea3164c298d5cfa65ae36550e)
2026-08-12T01:04:25,APPLY_APPROVED,DB_264MN032706A01_A_20260811_232337,109,264MN024655A01,A,@DB/264MN024655A01/A,LIFED,shelf_life_limited,WAEItem,LIFED,String,TBC,TBC,N,YES,AQIL,CHECKOUT_FAILED,CHECKED_OUT,NONE,FAILED,True,True,NO,,,,NOT_ATTEMPTED,,,Target is checked out but remains read-only. Checkout user: danial aiman (2dcf952ea3164c298d5cfa65ae36550e)
2026-08-12T01:04:25,APPLY_APPROVED,DB_264MN032706A01_A_20260811_232337,109,264MN024655A01,A,@DB/264MN024655A01/A,Temperature_Sensitive,temperature_sensitive,WAEItem,Temperature_Sensitive,String,TBC,TBC,N,YES,AQIL,CHECKOUT_FAILED,CHECKED_OUT,NONE,FAILED,True,True,NO,,,,NOT_ATTEMPTED,,,Target is checked out but remains read-only. Checkout user: danial aiman (2dcf952ea3164c298d5cfa65ae36550e)
2026-08-12T01:04:25,APPLY_APPROVED,DB_264MN032706A01_A_20260811_232337,109,264MN024655A01,A,@DB/264MN024655A01/A,Hazardous,hazardous,WAEItem,WAE_Hazardous,String,,,N,YES,AQIL,CHECKOUT_FAILED,CHECKED_OUT,NONE,FAILED,True,True,NO,,,,NOT_ATTEMPTED,,,Target is checked out but remains read-only. Checkout user: danial aiman (2dcf952ea3164c298d5cfa65ae36550e)
2026-08-12T01:04:25,APPLY_APPROVED,DB_264MN032706A01_A_20260811_232337,110,264MN021262A01,A,@DB/264MN021262A01/A,WAE_VERSION,wae_version,WAEItem,WAE_VERSION,String,1,1,2,YES,AQIL,BATCH_ABORTED_CHECKOUT,CHECKED_OUT,NONE,ALREADY_CHECKED_OUT,False,False,NO,,,,NOT_ATTEMPTED,,,Another target failed checkout; no attributes were changed. This target remains checked out.
2026-08-12T01:04:25,APPLY_APPROVED,DB_264MN032706A01_A_20260811_232337,111,264MN024653A01,A,@DB/264MN024653A01/A,WAE_VERSION,wae_version,WAEItem,WAE_VERSION,String,,,2,YES,AQIL,BATCH_ABORTED_CHECKOUT,CHECKED_OUT,NONE,ALREADY_CHECKED_OUT,False,False,NO,,,,NOT_ATTEMPTED,,,Another target failed checkout; no attributes were changed. This target remains checked out.
2026-08-12T01:04:25,APPLY_APPROVED,DB_264MN032706A01_A_20260811_232337,111,264MN024653A01,A,@DB/264MN024653A01/A,NX_FINISH,finish,WAEItem,NX_FINISH,String,,,N/A,YES,AQIL,BATCH_ABORTED_CHECKOUT,CHECKED_OUT,NONE,ALREADY_CHECKED_OUT,False,False,NO,,,,NOT_ATTEMPTED,,,Another target failed checkout; no attributes were changed. This target remains checked out.
2026-08-12T01:04:25,APPLY_APPROVED,DB_264MN032706A01_A_20260811_232337,111,264MN024653A01,A,@DB/264MN024653A01/A,Temperature_Sensitive,temperature_sensitive,WAEItem,Temperature_Sensitive,String,TBC,TBC,N,YES,AQIL,BATCH_ABORTED_CHECKOUT,CHECKED_OUT,NONE,ALREADY_CHECKED_OUT,False,False,NO,,,,NOT_ATTEMPTED,,,Another target failed checkout; no attributes were changed. This target remains checked out.
2026-08-12T01:04:25,APPLY_APPROVED,DB_264MN032706A01_A_20260811_232337,111,264MN024653A01,A,@DB/264MN024653A01/A,Hazardous,hazardous,WAEItem,WAE_Hazardous,String,,,N,YES,AQIL,BATCH_ABORTED_CHECKOUT,CHECKED_OUT,NONE,ALREADY_CHECKED_OUT,False,False,NO,,,,NOT_ATTEMPTED,,,Another target failed checkout; no attributes were changed. This target remains checked out.
2026-08-12T01:04:25,APPLY_APPROVED,DB_264MN032706A01_A_20260811_232337,112,264MN024656A01,A,@DB/264MN024656A01/A,WAE_VERSION,wae_version,WAEItem,WAE_VERSION,String,,,2,YES,AQIL,BATCH_ABORTED_CHECKOUT,CHECKED_OUT,NONE,ALREADY_CHECKED_OUT,False,False,NO,,,,NOT_ATTEMPTED,,,Another target failed checkout; no attributes were changed. This target remains checked out.
2026-08-12T01:04:25,APPLY_APPROVED,DB_264MN032706A01_A_20260811_232337,112,264MN024656A01,A,@DB/264MN024656A01/A,COMPONENT_CLASS,component_class,WAEItem,COMPONENT_CLASS,String,TBC,TBC,NONE,YES,AQIL,BATCH_ABORTED_CHECKOUT,CHECKED_OUT,NONE,ALREADY_CHECKED_OUT,False,False,NO,,,,NOT_ATTEMPTED,,,Another target failed checkout; no attributes were changed. This target remains checked out.
2026-08-12T01:04:25,APPLY_APPROVED,DB_264MN032706A01_A_20260811_232337,112,264MN024656A01,A,@DB/264MN024656A01/A,LIFED,shelf_life_limited,WAEItem,LIFED,String,TBC,TBC,N,YES,AQIL,BATCH_ABORTED_CHECKOUT,CHECKED_OUT,NONE,ALREADY_CHECKED_OUT,False,False,NO,,,,NOT_ATTEMPTED,,,Another target failed checkout; no attributes were changed. This target remains checked out.
2026-08-12T01:04:25,APPLY_APPROVED,DB_264MN032706A01_A_20260811_232337,112,264MN024656A01,A,@DB/264MN024656A01/A,Temperature_Sensitive,temperature_sensitive,WAEItem,Temperature_Sensitive,String,TBC,TBC,N,YES,AQIL,BATCH_ABORTED_CHECKOUT,CHECKED_OUT,NONE,ALREADY_CHECKED_OUT,False,False,NO,,,,NOT_ATTEMPTED,,,Another target failed checkout; no attributes were changed. This target remains checked out.
2026-08-12T01:04:25,APPLY_APPROVED,DB_264MN032706A01_A_20260811_232337,112,264MN024656A01,A,@DB/264MN024656A01/A,Hazardous,hazardous,WAEItem,WAE_Hazardous,String,,,N,YES,AQIL,BATCH_ABORTED_CHECKOUT,CHECKED_OUT,NONE,ALREADY_CHECKED_OUT,False,False,NO,,,,NOT_ATTEMPTED,,,Another target failed checkout; no attributes were changed. This target remains checked out.
2026-08-12T01:04:25,APPLY_APPROVED,DB_264MN032706A01_A_20260811_232337,113,264MN024562A01,A,@DB/264MN024562A01/A,WAE_VERSION,wae_version,WAEItem,WAE_VERSION,String,,,2,YES,AQIL,BATCH_ABORTED_CHECKOUT,CHECKED_OUT,NONE,ALREADY_CHECKED_OUT,False,False,NO,,,,NOT_ATTEMPTED,,,Another target failed checkout; no attributes were changed. This target remains checked out.
2026-08-12T01:04:25,APPLY_APPROVED,DB_264MN032706A01_A_20260811_232337,113,264MN024562A01,A,@DB/264MN024562A01/A,NX_FINISH,finish,WAEItem,NX_FINISH,String,TBC,TBC,N/A,YES,AQIL,BATCH_ABORTED_CHECKOUT,CHECKED_OUT,NONE,ALREADY_CHECKED_OUT,False,False,NO,,,,NOT_ATTEMPTED,,,Another target failed checkout; no attributes were changed. This target remains checked out.
2026-08-12T01:04:25,APPLY_APPROVED,DB_264MN032706A01_A_20260811_232337,113,264MN024562A01,A,@DB/264MN024562A01/A,Temperature_Sensitive,temperature_sensitive,WAEItem,Temperature_Sensitive,String,TBC,TBC,N,YES,AQIL,BATCH_ABORTED_CHECKOUT,CHECKED_OUT,NONE,ALREADY_CHECKED_OUT,False,False,NO,,,,NOT_ATTEMPTED,,,Another target failed checkout; no attributes were changed. This target remains checked out.
2026-08-12T01:04:25,APPLY_APPROVED,DB_264MN032706A01_A_20260811_232337,113,264MN024562A01,A,@DB/264MN024562A01/A,Hazardous,hazardous,WAEItem,WAE_Hazardous,String,,,N,YES,AQIL,BATCH_ABORTED_CHECKOUT,CHECKED_OUT,NONE,ALREADY_CHECKED_OUT,False,False,NO,,,,NOT_ATTEMPTED,,,Another target failed checkout; no attributes were changed. This target remains checked out.
2026-08-12T01:04:25,APPLY_APPROVED,DB_264MN032706A01_A_20260811_232337,114,264MN024654A01,A,@DB/264MN024654A01/A,WAE_VERSION,wae_version,WAEItem,WAE_VERSION,String,,,2,YES,AQIL,BATCH_ABORTED_CHECKOUT,CHECKED_OUT,NONE,ALREADY_CHECKED_OUT,False,False,NO,,,,NOT_ATTEMPTED,,,Another target failed checkout; no attributes were changed. This target remains checked out.
2026-08-12T01:04:25,APPLY_APPROVED,DB_264MN032706A01_A_20260811_232337,114,264MN024654A01,A,@DB/264MN024654A01/A,NX_FINISH,finish,WAEItem,NX_FINISH,String,,,N/A,YES,AQIL,BATCH_ABORTED_CHECKOUT,CHECKED_OUT,NONE,ALREADY_CHECKED_OUT,False,False,NO,,,,NOT_ATTEMPTED,,,Another target failed checkout; no attributes were changed. This target remains checked out.
2026-08-12T01:04:25,APPLY_APPROVED,DB_264MN032706A01_A_20260811_232337,114,264MN024654A01,A,@DB/264MN024654A01/A,Temperature_Sensitive,temperature_sensitive,WAEItem,Temperature_Sensitive,String,TBC,TBC,N,YES,AQIL,BATCH_ABORTED_CHECKOUT,CHECKED_OUT,NONE,ALREADY_CHECKED_OUT,False,False,NO,,,,NOT_ATTEMPTED,,,Another target failed checkout; no attributes were changed. This target remains checked out.
2026-08-12T01:04:25,APPLY_APPROVED,DB_264MN032706A01_A_20260811_232337,114,264MN024654A01,A,@DB/264MN024654A01/A,Hazardous,hazardous,WAEItem,WAE_Hazardous,String,,,N,YES,AQIL,BATCH_ABORTED_CHECKOUT,CHECKED_OUT,NONE,ALREADY_CHECKED_OUT,False,False,NO,,,,NOT_ATTEMPTED,,,Another target failed checkout; no attributes were changed. This target remains checked out.
2026-08-12T01:04:25,APPLY_APPROVED,DB_264MN032706A01_A_20260811_232337,115,264MN021160A01,A,@DB/264MN021160A01/A,WAE_VERSION,wae_version,WAEItem,WAE_VERSION,String,,,2,YES,AQIL,BATCH_ABORTED_CHECKOUT,CHECKED_OUT,NONE,ALREADY_CHECKED_OUT,False,False,NO,,,,NOT_ATTEMPTED,,,Another target failed checkout; no attributes were changed. This target remains checked out.
2026-08-12T01:04:25,APPLY_APPROVED,DB_264MN032706A01_A_20260811_232337,115,264MN021160A01,A,@DB/264MN021160A01/A,NX_FINISH,finish,WAEItem,NX_FINISH,String,,,N/A,YES,AQIL,BATCH_ABORTED_CHECKOUT,CHECKED_OUT,NONE,ALREADY_CHECKED_OUT,False,False,NO,,,,NOT_ATTEMPTED,,,Another target failed checkout; no attributes were changed. This target remains checked out.
2026-08-12T01:04:25,APPLY_APPROVED,DB_264MN032706A01_A_20260811_232337,115,264MN021160A01,A,@DB/264MN021160A01/A,LIFED,shelf_life_limited,WAEItem,LIFED,String,TBC,TBC,N,YES,AQIL,BATCH_ABORTED_CHECKOUT,CHECKED_OUT,NONE,ALREADY_CHECKED_OUT,False,False,NO,,,,NOT_ATTEMPTED,,,Another target failed checkout; no attributes were changed. This target remains checked out.
2026-08-12T01:04:25,APPLY_APPROVED,DB_264MN032706A01_A_20260811_232337,115,264MN021160A01,A,@DB/264MN021160A01/A,Temperature_Sensitive,temperature_sensitive,WAEItem,Temperature_Sensitive,String,TBC,TBC,N,YES,AQIL,BATCH_ABORTED_CHECKOUT,CHECKED_OUT,NONE,ALREADY_CHECKED_OUT,False,False,NO,,,,NOT_ATTEMPTED,,,Another target failed checkout; no attributes were changed. This target remains checked out.
2026-08-12T01:04:25,APPLY_APPROVED,DB_264MN032706A01_A_20260811_232337,115,264MN021160A01,A,@DB/264MN021160A01/A,Hazardous,hazardous,WAEItem,WAE_Hazardous,String,,,N,YES,AQIL,BATCH_ABORTED_CHECKOUT,CHECKED_OUT,NONE,ALREADY_CHECKED_OUT,False,False,NO,,,,NOT_ATTEMPTED,,,Another target failed checkout; no attributes were changed. This target remains checked out.
2026-08-12T01:04:25,APPLY_APPROVED,DB_264MN032706A01_A_20260811_232337,116,264MN021252A01,A,@DB/264MN021252A01/A,WAE_VERSION,wae_version,WAEItem,WAE_VERSION,String,,,2,YES,AQIL,BATCH_ABORTED_CHECKOUT,CHECKED_OUT,NONE,ALREADY_CHECKED_OUT,False,False,NO,,,,NOT_ATTEMPTED,,,Another target failed checkout; no attributes were changed. This target remains checked out.
2026-08-12T01:04:25,APPLY_APPROVED,DB_264MN032706A01_A_20260811_232337,116,264MN021252A01,A,@DB/264MN021252A01/A,NX_FINISH,finish,WAEItem,NX_FINISH,String,TBC,TBC,N/A,YES,AQIL,BATCH_ABORTED_CHECKOUT,CHECKED_OUT,NONE,ALREADY_CHECKED_OUT,False,False,NO,,,,NOT_ATTEMPTED,,,Another target failed checkout; no attributes were changed. This target remains checked out.
2026-08-12T01:04:25,APPLY_APPROVED,DB_264MN032706A01_A_20260811_232337,116,264MN021252A01,A,@DB/264MN021252A01/A,COMPONENT_CLASS,component_class,WAEItem,COMPONENT_CLASS,String,TBC,TBC,A,YES,AQIL,BATCH_ABORTED_CHECKOUT,CHECKED_OUT,NONE,ALREADY_CHECKED_OUT,False,False,NO,,,,NOT_ATTEMPTED,,,Another target failed checkout; no attributes were changed. This target remains checked out.
2026-08-12T01:04:25,APPLY_APPROVED,DB_264MN032706A01_A_20260811_232337,116,264MN021252A01,A,@DB/264MN021252A01/A,LIFED,shelf_life_limited,WAEItem,LIFED,String,TBC,TBC,N,YES,AQIL,BATCH_ABORTED_CHECKOUT,CHECKED_OUT,NONE,ALREADY_CHECKED_OUT,False,False,NO,,,,NOT_ATTEMPTED,,,Another target failed checkout; no attributes were changed. This target remains checked out.
2026-08-12T01:04:25,APPLY_APPROVED,DB_264MN032706A01_A_20260811_232337,116,264MN021252A01,A,@DB/264MN021252A01/A,Temperature_Sensitive,temperature_sensitive,WAEItem,Temperature_Sensitive,String,TBC,TBC,N,YES,AQIL,BATCH_ABORTED_CHECKOUT,CHECKED_OUT,NONE,ALREADY_CHECKED_OUT,False,False,NO,,,,NOT_ATTEMPTED,,,Another target failed checkout; no attributes were changed. This target remains checked out.
2026-08-12T01:04:25,APPLY_APPROVED,DB_264MN032706A01_A_20260811_232337,116,264MN021252A01,A,@DB/264MN021252A01/A,Hazardous,hazardous,WAEItem,WAE_Hazardous,String,,,N,YES,AQIL,BATCH_ABORTED_CHECKOUT,CHECKED_OUT,NONE,ALREADY_CHECKED_OUT,False,False,NO,,,,NOT_ATTEMPTED,,,Another target failed checkout; no attributes were changed. This target remains checked out.
2026-08-12T01:04:25,APPLY_APPROVED,DB_264MN032706A01_A_20260811_232337,117,264MN021253A01,A,@DB/264MN021253A01/A,WAE_VERSION,wae_version,WAEItem,WAE_VERSION,String,,,2,YES,AQIL,BATCH_ABORTED_CHECKOUT,CHECKED_OUT,NONE,ALREADY_CHECKED_OUT,False,False,NO,,,,NOT_ATTEMPTED,,,Another target failed checkout; no attributes were changed. This target remains checked out.
2026-08-12T01:04:25,APPLY_APPROVED,DB_264MN032706A01_A_20260811_232337,117,264MN021253A01,A,@DB/264MN021253A01/A,NX_FINISH,finish,WAEItem,NX_FINISH,String,,,N/A,YES,AQIL,BATCH_ABORTED_CHECKOUT,CHECKED_OUT,NONE,ALREADY_CHECKED_OUT,False,False,NO,,,,NOT_ATTEMPTED,,,Another target failed checkout; no attributes were changed. This target remains checked out.
2026-08-12T01:04:25,APPLY_APPROVED,DB_264MN032706A01_A_20260811_232337,117,264MN021253A01,A,@DB/264MN021253A01/A,LIFED,shelf_life_limited,WAEItem,LIFED,String,TBC,TBC,N,YES,AQIL,BATCH_ABORTED_CHECKOUT,CHECKED_OUT,NONE,ALREADY_CHECKED_OUT,False,False,NO,,,,NOT_ATTEMPTED,,,Another target failed checkout; no attributes were changed. This target remains checked out.
2026-08-12T01:04:25,APPLY_APPROVED,DB_264MN032706A01_A_20260811_232337,117,264MN021253A01,A,@DB/264MN021253A01/A,Temperature_Sensitive,temperature_sensitive,WAEItem,Temperature_Sensitive,String,TBC,TBC,N,YES,AQIL,BATCH_ABORTED_CHECKOUT,CHECKED_OUT,NONE,ALREADY_CHECKED_OUT,False,False,NO,,,,NOT_ATTEMPTED,,,Another target failed checkout; no attributes were changed. This target remains checked out.
2026-08-12T01:04:25,APPLY_APPROVED,DB_264MN032706A01_A_20260811_232337,117,264MN021253A01,A,@DB/264MN021253A01/A,Hazardous,hazardous,WAEItem,WAE_Hazardous,String,,,N,YES,AQIL,BATCH_ABORTED_CHECKOUT,CHECKED_OUT,NONE,ALREADY_CHECKED_OUT,False,False,NO,,,,NOT_ATTEMPTED,,,Another target failed checkout; no attributes were changed. This target remains checked out.
2026-08-12T01:04:25,APPLY_APPROVED,DB_264MN032706A01_A_20260811_232337,118,264MN021161A01,A,@DB/264MN021161A01/A,WAE_VERSION,wae_version,WAEItem,WAE_VERSION,String,,,2,YES,AQIL,BATCH_ABORTED_CHECKOUT,CHECKED_OUT,NONE,ALREADY_CHECKED_OUT,False,False,NO,,,,NOT_ATTEMPTED,,,Another target failed checkout; no attributes were changed. This target remains checked out.
2026-08-12T01:04:25,APPLY_APPROVED,DB_264MN032706A01_A_20260811_232337,118,264MN021161A01,A,@DB/264MN021161A01/A,NX_FINISH,finish,WAEItem,NX_FINISH,String,,,N/A,YES,AQIL,BATCH_ABORTED_CHECKOUT,CHECKED_OUT,NONE,ALREADY_CHECKED_OUT,False,False,NO,,,,NOT_ATTEMPTED,,,Another target failed checkout; no attributes were changed. This target remains checked out.
2026-08-12T01:04:25,APPLY_APPROVED,DB_264MN032706A01_A_20260811_232337,118,264MN021161A01,A,@DB/264MN021161A01/A,Temperature_Sensitive,temperature_sensitive,WAEItem,Temperature_Sensitive,String,TBC,TBC,N,YES,AQIL,BATCH_ABORTED_CHECKOUT,CHECKED_OUT,NONE,ALREADY_CHECKED_OUT,False,False,NO,,,,NOT_ATTEMPTED,,,Another target failed checkout; no attributes were changed. This target remains checked out.
2026-08-12T01:04:25,APPLY_APPROVED,DB_264MN032706A01_A_20260811_232337,118,264MN021161A01,A,@DB/264MN021161A01/A,Hazardous,hazardous,WAEItem,WAE_Hazardous,String,,,N,YES,AQIL,BATCH_ABORTED_CHECKOUT,CHECKED_OUT,NONE,ALREADY_CHECKED_OUT,False,False,NO,,,,NOT_ATTEMPTED,,,Another target failed checkout; no attributes were changed. This target remains checked out.
2026-08-12T01:04:25,APPLY_APPROVED,DB_264MN032706A01_A_20260811_232337,119,264MN021162A01,A,@DB/264MN021162A01/A,WAE_VERSION,wae_version,WAEItem,WAE_VERSION,String,,,2,YES,AQIL,BATCH_ABORTED_CHECKOUT,CHECKED_OUT,NONE,ALREADY_CHECKED_OUT,False,False,NO,,,,NOT_ATTEMPTED,,,Another target failed checkout; no attributes were changed. This target remains checked out.
2026-08-12T01:04:25,APPLY_APPROVED,DB_264MN032706A01_A_20260811_232337,119,264MN021162A01,A,@DB/264MN021162A01/A,NX_FINISH,finish,WAEItem,NX_FINISH,String,,,N/A,YES,AQIL,BATCH_ABORTED_CHECKOUT,CHECKED_OUT,NONE,ALREADY_CHECKED_OUT,False,False,NO,,,,NOT_ATTEMPTED,,,Another target failed checkout; no attributes were changed. This target remains checked out.
2026-08-12T01:04:25,APPLY_APPROVED,DB_264MN032706A01_A_20260811_232337,119,264MN021162A01,A,@DB/264MN021162A01/A,LIFED,shelf_life_limited,WAEItem,LIFED,String,TBC,TBC,N,YES,AQIL,BATCH_ABORTED_CHECKOUT,CHECKED_OUT,NONE,ALREADY_CHECKED_OUT,False,False,NO,,,,NOT_ATTEMPTED,,,Another target failed checkout; no attributes were changed. This target remains checked out.
2026-08-12T01:04:25,APPLY_APPROVED,DB_264MN032706A01_A_20260811_232337,119,264MN021162A01,A,@DB/264MN021162A01/A,Temperature_Sensitive,temperature_sensitive,WAEItem,Temperature_Sensitive,String,TBC,TBC,N,YES,AQIL,BATCH_ABORTED_CHECKOUT,CHECKED_OUT,NONE,ALREADY_CHECKED_OUT,False,False,NO,,,,NOT_ATTEMPTED,,,Another target failed checkout; no attributes were changed. This target remains checked out.
2026-08-12T01:04:25,APPLY_APPROVED,DB_264MN032706A01_A_20260811_232337,119,264MN021162A01,A,@DB/264MN021162A01/A,Hazardous,hazardous,WAEItem,WAE_Hazardous,String,,,N,YES,AQIL,BATCH_ABORTED_CHECKOUT,CHECKED_OUT,NONE,ALREADY_CHECKED_OUT,False,False,NO,,,,NOT_ATTEMPTED,,,Another target failed checkout; no attributes were changed. This target remains checked out.
2026-08-12T01:04:25,APPLY_APPROVED,DB_264MN032706A01_A_20260811_232337,120,264MN021149A01,A,@DB/264MN021149A01/A,WAE_VERSION,wae_version,WAEItem,WAE_VERSION,String,,,2,YES,AQIL,BATCH_ABORTED_CHECKOUT,CHECKED_OUT,NONE,ALREADY_CHECKED_OUT,False,False,NO,,,,NOT_ATTEMPTED,,,Another target failed checkout; no attributes were changed. This target remains checked out.
2026-08-12T01:04:25,APPLY_APPROVED,DB_264MN032706A01_A_20260811_232337,120,264MN021149A01,A,@DB/264MN021149A01/A,NX_FINISH,finish,WAEItem,NX_FINISH,String,,,N/A,YES,AQIL,BATCH_ABORTED_CHECKOUT,CHECKED_OUT,NONE,ALREADY_CHECKED_OUT,False,False,NO,,,,NOT_ATTEMPTED,,,Another target failed checkout; no attributes were changed. This target remains checked out.
2026-08-12T01:04:25,APPLY_APPROVED,DB_264MN032706A01_A_20260811_232337,120,264MN021149A01,A,@DB/264MN021149A01/A,Temperature_Sensitive,temperature_sensitive,WAEItem,Temperature_Sensitive,String,TBC,TBC,N,YES,AQIL,BATCH_ABORTED_CHECKOUT,CHECKED_OUT,NONE,ALREADY_CHECKED_OUT,False,False,NO,,,,NOT_ATTEMPTED,,,Another target failed checkout; no attributes were changed. This target remains checked out.
2026-08-12T01:04:25,APPLY_APPROVED,DB_264MN032706A01_A_20260811_232337,120,264MN021149A01,A,@DB/264MN021149A01/A,Hazardous,hazardous,WAEItem,WAE_Hazardous,String,,,N,YES,AQIL,BATCH_ABORTED_CHECKOUT,CHECKED_OUT,NONE,ALREADY_CHECKED_OUT,False,False,NO,,,,NOT_ATTEMPTED,,,Another target failed checkout; no attributes were changed. This target remains checked out.
2026-08-12T01:04:25,APPLY_APPROVED,DB_264MN032706A01_A_20260811_232337,121,264MN032606A01,A,@DB/264MN032606A01/A,COMPONENT_CLASS,component_class,WAEItem,COMPONENT_CLASS,String,C,C,A,YES,AQIL,BATCH_ABORTED_CHECKOUT,CHECKED_OUT,NONE,ALREADY_CHECKED_OUT,False,False,NO,,,,NOT_ATTEMPTED,,,Another target failed checkout; no attributes were changed. This target remains checked out.
2026-08-12T01:04:25,APPLY_APPROVED,DB_264MN032706A01_A_20260811_232337,121,264MN032606A01,A,@DB/264MN032606A01/A,LIFED,shelf_life_limited,WAEItem,LIFED,String,TBC,TBC,N,YES,AQIL,BATCH_ABORTED_CHECKOUT,CHECKED_OUT,NONE,ALREADY_CHECKED_OUT,False,False,NO,,,,NOT_ATTEMPTED,,,Another target failed checkout; no attributes were changed. This target remains checked out.
2026-08-12T01:04:25,APPLY_APPROVED,DB_264MN032706A01_A_20260811_232337,121,264MN032606A01,A,@DB/264MN032606A01/A,Temperature_Sensitive,temperature_sensitive,WAEItem,Temperature_Sensitive,String,TBC,TBC,N,YES,AQIL,BATCH_ABORTED_CHECKOUT,CHECKED_OUT,NONE,ALREADY_CHECKED_OUT,False,False,NO,,,,NOT_ATTEMPTED,,,Another target failed checkout; no attributes were changed. This target remains checked out.
2026-08-12T01:04:25,APPLY_APPROVED,DB_264MN032706A01_A_20260811_232337,122,264MN021217A01,A,@DB/264MN021217A01/A,COMPONENT_CLASS,component_class,WAEItem,COMPONENT_CLASS,String,C,C,A,YES,AQIL,BATCH_ABORTED_CHECKOUT,CHECKED_OUT,NONE,ALREADY_CHECKED_OUT,False,False,NO,,,,NOT_ATTEMPTED,,,Another target failed checkout; no attributes were changed. This target remains checked out.
2026-08-12T01:04:25,APPLY_APPROVED,DB_264MN032706A01_A_20260811_232337,122,264MN021217A01,A,@DB/264MN021217A01/A,Temperature_Sensitive,temperature_sensitive,WAEItem,Temperature_Sensitive,String,TBC,TBC,N,YES,AQIL,BATCH_ABORTED_CHECKOUT,CHECKED_OUT,NONE,ALREADY_CHECKED_OUT,False,False,NO,,,,NOT_ATTEMPTED,,,Another target failed checkout; no attributes were changed. This target remains checked out.
2026-08-12T01:04:25,APPLY_APPROVED,DB_264MN032706A01_A_20260811_232337,123,264MN024127A01,A,@DB/264MN024127A01/A,WAE_VERSION,wae_version,WAEItem,WAE_VERSION,String,,,2,YES,AQIL,BATCH_ABORTED_CHECKOUT,CHECKED_OUT,NONE,ALREADY_CHECKED_OUT,False,False,NO,,,,NOT_ATTEMPTED,,,Another target failed checkout; no attributes were changed. This target remains checked out.
2026-08-12T01:04:25,APPLY_APPROVED,DB_264MN032706A01_A_20260811_232337,123,264MN024127A01,A,@DB/264MN024127A01/A,NX_FINISH,finish,WAEItem,NX_FINISH,String,,,N/A,YES,AQIL,BATCH_ABORTED_CHECKOUT,CHECKED_OUT,NONE,ALREADY_CHECKED_OUT,False,False,NO,,,,NOT_ATTEMPTED,,,Another target failed checkout; no attributes were changed. This target remains checked out.
2026-08-12T01:04:25,APPLY_APPROVED,DB_264MN032706A01_A_20260811_232337,123,264MN024127A01,A,@DB/264MN024127A01/A,Temperature_Sensitive,temperature_sensitive,WAEItem,Temperature_Sensitive,String,TBC,TBC,N,YES,AQIL,BATCH_ABORTED_CHECKOUT,CHECKED_OUT,NONE,ALREADY_CHECKED_OUT,False,False,NO,,,,NOT_ATTEMPTED,,,Another target failed checkout; no attributes were changed. This target remains checked out.
2026-08-12T01:04:25,APPLY_APPROVED,DB_264MN032706A01_A_20260811_232337,123,264MN024127A01,A,@DB/264MN024127A01/A,Hazardous,hazardous,WAEItem,WAE_Hazardous,String,,,N,YES,AQIL,BATCH_ABORTED_CHECKOUT,CHECKED_OUT,NONE,ALREADY_CHECKED_OUT,False,False,NO,,,,NOT_ATTEMPTED,,,Another target failed checkout; no attributes were changed. This target remains checked out.
2026-08-12T01:04:25,APPLY_APPROVED,DB_264MN032706A01_A_20260811_232337,124,264MN021456A01,A,@DB/264MN021456A01/A,WAE_VERSION,wae_version,WAEItem,WAE_VERSION,String,,,2,YES,AQIL,CHECKOUT_FAILED,CHECKED_OUT,NONE,FAILED,True,True,NO,,,,NOT_ATTEMPTED,,,Target is checked out but remains read-only. Checkout user: danial aiman (2dcf952ea3164c298d5cfa65ae36550e)
2026-08-12T01:04:25,APPLY_APPROVED,DB_264MN032706A01_A_20260811_232337,124,264MN021456A01,A,@DB/264MN021456A01/A,Temperature_Sensitive,temperature_sensitive,WAEItem,Temperature_Sensitive,String,TBC,TBC,N,YES,AQIL,CHECKOUT_FAILED,CHECKED_OUT,NONE,FAILED,True,True,NO,,,,NOT_ATTEMPTED,,,Target is checked out but remains read-only. Checkout user: danial aiman (2dcf952ea3164c298d5cfa65ae36550e)
2026-08-12T01:04:25,APPLY_APPROVED,DB_264MN032706A01_A_20260811_232337,124,264MN021456A01,A,@DB/264MN021456A01/A,Hazardous,hazardous,WAEItem,WAE_Hazardous,String,,,N,YES,AQIL,CHECKOUT_FAILED,CHECKED_OUT,NONE,FAILED,True,True,NO,,,,NOT_ATTEMPTED,,,Target is checked out but remains read-only. Checkout user: danial aiman (2dcf952ea3164c298d5cfa65ae36550e)
2026-08-12T01:04:25,APPLY_APPROVED,DB_264MN032706A01_A_20260811_232337,125,264MN034775A01,A,@DB/264MN034775A01/A,,,,,,,,,NO,,NO_CHANGE,,,,,,NO,,,,NOT_REQUIRED,,,CSV business values match the Journal 04 baseline.
2026-08-12T01:04:25,APPLY_APPROVED,DB_264MN032706A01_A_20260811_232337,126,264MN028245A01,A,@DB/264MN028245A01/A,WAE_VERSION,wae_version,WAEItem,WAE_VERSION,String,1,1,2,YES,AQIL,CHECKOUT_FAILED,CHECKED_OUT,NONE,FAILED,True,True,NO,,,,NOT_ATTEMPTED,,,Target is checked out but remains read-only. Checkout user: zainal azfar (c88b57d99f264eb49553d5e582964f03)
2026-08-12T01:04:25,APPLY_APPROVED,DB_264MN032706A01_A_20260811_232337,126,264MN028245A01,A,@DB/264MN028245A01/A,Temperature_Sensitive,temperature_sensitive,WAEItem,Temperature_Sensitive,String,TBC,TBC,N,YES,AQIL,CHECKOUT_FAILED,CHECKED_OUT,NONE,FAILED,True,True,NO,,,,NOT_ATTEMPTED,,,Target is checked out but remains read-only. Checkout user: zainal azfar (c88b57d99f264eb49553d5e582964f03)
2026-08-12T01:04:25,APPLY_APPROVED,DB_264MN032706A01_A_20260811_232337,127,264MN029729A01,A,@DB/264MN029729A01/A,COMPONENT_CLASS,component_class,WAEItem,COMPONENT_CLASS,String,TBC,TBC,C,YES,AQIL,BATCH_ABORTED_CHECKOUT,CHECKED_OUT,NONE,ALREADY_CHECKED_OUT,False,False,NO,,,,NOT_ATTEMPTED,,,Another target failed checkout; no attributes were changed. This target remains checked out.
2026-08-12T01:04:25,APPLY_APPROVED,DB_264MN032706A01_A_20260811_232337,127,264MN029729A01,A,@DB/264MN029729A01/A,LIFED,shelf_life_limited,WAEItem,LIFED,String,TBC,TBC,N,YES,AQIL,BATCH_ABORTED_CHECKOUT,CHECKED_OUT,NONE,ALREADY_CHECKED_OUT,False,False,NO,,,,NOT_ATTEMPTED,,,Another target failed checkout; no attributes were changed. This target remains checked out.
2026-08-12T01:04:25,APPLY_APPROVED,DB_264MN032706A01_A_20260811_232337,127,264MN029729A01,A,@DB/264MN029729A01/A,Temperature_Sensitive,temperature_sensitive,WAEItem,Temperature_Sensitive,String,TBC,TBC,N,YES,AQIL,BATCH_ABORTED_CHECKOUT,CHECKED_OUT,NONE,ALREADY_CHECKED_OUT,False,False,NO,,,,NOT_ATTEMPTED,,,Another target failed checkout; no attributes were changed. This target remains checked out.
2026-08-12T01:04:25,APPLY_APPROVED,DB_264MN032706A01_A_20260811_232337,128,264MN024596A01,A,@DB/264MN024596A01/A,WAE_VERSION,wae_version,WAEItem,WAE_VERSION,String,,,2,YES,AQIL,CHECKOUT_FAILED,CHECKED_OUT,NONE,FAILED,True,True,NO,,,,NOT_ATTEMPTED,,,Target is checked out but remains read-only. Checkout user: zainal azfar (c88b57d99f264eb49553d5e582964f03)
2026-08-12T01:04:25,APPLY_APPROVED,DB_264MN032706A01_A_20260811_232337,128,264MN024596A01,A,@DB/264MN024596A01/A,NX_FINISH,finish,WAEItem,NX_FINISH,String,TBC,TBC,N/A,YES,AQIL,CHECKOUT_FAILED,CHECKED_OUT,NONE,FAILED,True,True,NO,,,,NOT_ATTEMPTED,,,Target is checked out but remains read-only. Checkout user: zainal azfar (c88b57d99f264eb49553d5e582964f03)
2026-08-12T01:04:25,APPLY_APPROVED,DB_264MN032706A01_A_20260811_232337,128,264MN024596A01,A,@DB/264MN024596A01/A,Temperature_Sensitive,temperature_sensitive,WAEItem,Temperature_Sensitive,String,TBD,TBD,N,YES,AQIL,CHECKOUT_FAILED,CHECKED_OUT,NONE,FAILED,True,True,NO,,,,NOT_ATTEMPTED,,,Target is checked out but remains read-only. Checkout user: zainal azfar (c88b57d99f264eb49553d5e582964f03)
2026-08-12T01:04:25,APPLY_APPROVED,DB_264MN032706A01_A_20260811_232337,128,264MN024596A01,A,@DB/264MN024596A01/A,Hazardous,hazardous,WAEItem,WAE_Hazardous,String,,,N,YES,AQIL,CHECKOUT_FAILED,CHECKED_OUT,NONE,FAILED,True,True,NO,,,,NOT_ATTEMPTED,,,Target is checked out but remains read-only. Checkout user: zainal azfar (c88b57d99f264eb49553d5e582964f03)
2026-08-12T01:04:25,APPLY_APPROVED,DB_264MN032706A01_A_20260811_232337,128,264MN024596A01,A,@DB/264MN024596A01/A,Serviceable_item_flag,serviceable_item,WAEItem,Serviceable_item_flag,String,TBD,TBD,TBC,YES,AQIL,CHECKOUT_FAILED,CHECKED_OUT,NONE,FAILED,True,True,NO,,,,NOT_ATTEMPTED,,,Target is checked out but remains read-only. Checkout user: zainal azfar (c88b57d99f264eb49553d5e582964f03)
2026-08-12T01:04:25,APPLY_APPROVED,DB_264MN032706A01_A_20260811_232337,129,264MN024595A01,A,@DB/264MN024595A01/A,WAE_VERSION,wae_version,WAEItem,WAE_VERSION,String,,,2,YES,AQIL,BATCH_ABORTED_CHECKOUT,CHECKED_OUT,NONE,ALREADY_CHECKED_OUT,False,False,NO,,,,NOT_ATTEMPTED,,,Another target failed checkout; no attributes were changed. This target remains checked out.
2026-08-12T01:04:25,APPLY_APPROVED,DB_264MN032706A01_A_20260811_232337,129,264MN024595A01,A,@DB/264MN024595A01/A,NX_FINISH,finish,WAEItem,NX_FINISH,String,TBH,TBH,N/A,YES,AQIL,BATCH_ABORTED_CHECKOUT,CHECKED_OUT,NONE,ALREADY_CHECKED_OUT,False,False,NO,,,,NOT_ATTEMPTED,,,Another target failed checkout; no attributes were changed. This target remains checked out.
2026-08-12T01:04:25,APPLY_APPROVED,DB_264MN032706A01_A_20260811_232337,129,264MN024595A01,A,@DB/264MN024595A01/A,Temperature_Sensitive,temperature_sensitive,WAEItem,Temperature_Sensitive,String,TBD,TBD,N,YES,AQIL,BATCH_ABORTED_CHECKOUT,CHECKED_OUT,NONE,ALREADY_CHECKED_OUT,False,False,NO,,,,NOT_ATTEMPTED,,,Another target failed checkout; no attributes were changed. This target remains checked out.
2026-08-12T01:04:25,APPLY_APPROVED,DB_264MN032706A01_A_20260811_232337,129,264MN024595A01,A,@DB/264MN024595A01/A,Hazardous,hazardous,WAEItem,WAE_Hazardous,String,,,N,YES,AQIL,BATCH_ABORTED_CHECKOUT,CHECKED_OUT,NONE,ALREADY_CHECKED_OUT,False,False,NO,,,,NOT_ATTEMPTED,,,Another target failed checkout; no attributes were changed. This target remains checked out.
2026-08-12T01:04:25,APPLY_APPROVED,DB_264MN032706A01_A_20260811_232337,129,264MN024595A01,A,@DB/264MN024595A01/A,Serviceable_item_flag,serviceable_item,WAEItem,Serviceable_item_flag,String,TBD,TBD,TBC,YES,AQIL,BATCH_ABORTED_CHECKOUT,CHECKED_OUT,NONE,ALREADY_CHECKED_OUT,False,False,NO,,,,NOT_ATTEMPTED,,,Another target failed checkout; no attributes were changed. This target remains checked out.
2026-08-12T01:04:25,APPLY_APPROVED,DB_264MN032706A01_A_20260811_232337,130,264MN034477A01,A,@DB/264MN034477A01/A,UOM,uom,WAEItem,Unit_Of_Measure,String,,,ea,NO,,SKIPPED_NOT_APPROVED,,,,,,NO,,,,,,,Row changes are not approved.
2026-08-12T01:04:25,APPLY_APPROVED,DB_264MN032706A01_A_20260811_232337,130,264MN034477A01,A,@DB/264MN034477A01/A,Mfr. Name,manufacturer,WAEItem,MFG,String,,,BOSSARD,NO,,SKIPPED_NOT_APPROVED,,,,,,NO,,,,,,,Row changes are not approved.
2026-08-12T01:04:25,APPLY_APPROVED,DB_264MN032706A01_A_20260811_232337,130,264MN034477A01,A,@DB/264MN034477A01/A,Mfr. Part Number,manufacturer_part_number,WAEItem,MPN,String,,,9093570,NO,,SKIPPED_NOT_APPROVED,,,,,,NO,,,,,,,Row changes are not approved.
2026-08-12T01:04:25,APPLY_APPROVED,DB_264MN032706A01_A_20260811_232337,130,264MN034477A01,A,@DB/264MN034477A01/A,Reference Notes,stocking_type,WAEItem,Stocking_Type,String,,,REF,NO,,SKIPPED_NOT_APPROVED,,,,,,NO,,,,,,,Row changes are not approved.
2026-08-12T01:04:25,APPLY_APPROVED,DB_264MN032706A01_A_20260811_232337,131,264MN021455A01,A,@DB/264MN021455A01/A,WAE_VERSION,wae_version,WAEItem,WAE_VERSION,String,,,1,YES,AQIL,BATCH_ABORTED_CHECKOUT,CHECKED_OUT,NONE,ALREADY_CHECKED_OUT,False,False,NO,,,,NOT_ATTEMPTED,,,Another target failed checkout; no attributes were changed. This target remains checked out.
2026-08-12T01:04:25,APPLY_APPROVED,DB_264MN032706A01_A_20260811_232337,131,264MN021455A01,A,@DB/264MN021455A01/A,NX_FINISH,finish,WAEItem,NX_FINISH,String,TBC,TBC,N/A,YES,AQIL,BATCH_ABORTED_CHECKOUT,CHECKED_OUT,NONE,ALREADY_CHECKED_OUT,False,False,NO,,,,NOT_ATTEMPTED,,,Another target failed checkout; no attributes were changed. This target remains checked out.
2026-08-12T01:04:25,APPLY_APPROVED,DB_264MN032706A01_A_20260811_232337,131,264MN021455A01,A,@DB/264MN021455A01/A,COMPONENT_CLASS,component_class,WAEItem,COMPONENT_CLASS,String,TBC,TBC,NONE,YES,AQIL,BATCH_ABORTED_CHECKOUT,CHECKED_OUT,NONE,ALREADY_CHECKED_OUT,False,False,NO,,,,NOT_ATTEMPTED,,,Another target failed checkout; no attributes were changed. This target remains checked out.
2026-08-12T01:04:25,APPLY_APPROVED,DB_264MN032706A01_A_20260811_232337,131,264MN021455A01,A,@DB/264MN021455A01/A,Temperature_Sensitive,temperature_sensitive,WAEItem,Temperature_Sensitive,String,TBC,TBC,N,YES,AQIL,BATCH_ABORTED_CHECKOUT,CHECKED_OUT,NONE,ALREADY_CHECKED_OUT,False,False,NO,,,,NOT_ATTEMPTED,,,Another target failed checkout; no attributes were changed. This target remains checked out.
2026-08-12T01:04:25,APPLY_APPROVED,DB_264MN032706A01_A_20260811_232337,131,264MN021455A01,A,@DB/264MN021455A01/A,Hazardous,hazardous,WAEItem,WAE_Hazardous,String,,,N,YES,AQIL,BATCH_ABORTED_CHECKOUT,CHECKED_OUT,NONE,ALREADY_CHECKED_OUT,False,False,NO,,,,NOT_ATTEMPTED,,,Another target failed checkout; no attributes were changed. This target remains checked out.
2026-08-12T01:04:25,APPLY_APPROVED,DB_264MN032706A01_A_20260811_232337,131,264MN021455A01,A,@DB/264MN021455A01/A,Serviceable_item_flag,serviceable_item,WAEItem,Serviceable_item_flag,String,TBD,TBD,TBC,YES,AQIL,BATCH_ABORTED_CHECKOUT,CHECKED_OUT,NONE,ALREADY_CHECKED_OUT,False,False,NO,,,,NOT_ATTEMPTED,,,Another target failed checkout; no attributes were changed. This target remains checked out.
2026-08-12T01:04:25,APPLY_APPROVED,DB_264MN032706A01_A_20260811_232337,132,264MN021219A01,A,@DB/264MN021219A01/A,WAE_VERSION,wae_version,WAEItem,WAE_VERSION,String,,,2,YES,AQIL,BATCH_ABORTED_CHECKOUT,CHECKED_OUT,NONE,ALREADY_CHECKED_OUT,False,False,NO,,,,NOT_ATTEMPTED,,,Another target failed checkout; no attributes were changed. This target remains checked out.
2026-08-12T01:04:25,APPLY_APPROVED,DB_264MN032706A01_A_20260811_232337,132,264MN021219A01,A,@DB/264MN021219A01/A,NX_FINISH,finish,WAEItem,NX_FINISH,String,,,N/A,YES,AQIL,BATCH_ABORTED_CHECKOUT,CHECKED_OUT,NONE,ALREADY_CHECKED_OUT,False,False,NO,,,,NOT_ATTEMPTED,,,Another target failed checkout; no attributes were changed. This target remains checked out.
2026-08-12T01:04:25,APPLY_APPROVED,DB_264MN032706A01_A_20260811_232337,132,264MN021219A01,A,@DB/264MN021219A01/A,COMPONENT_CLASS,component_class,WAEItem,COMPONENT_CLASS,String,C,C,A,YES,AQIL,BATCH_ABORTED_CHECKOUT,CHECKED_OUT,NONE,ALREADY_CHECKED_OUT,False,False,NO,,,,NOT_ATTEMPTED,,,Another target failed checkout; no attributes were changed. This target remains checked out.
2026-08-12T01:04:25,APPLY_APPROVED,DB_264MN032706A01_A_20260811_232337,132,264MN021219A01,A,@DB/264MN021219A01/A,Temperature_Sensitive,temperature_sensitive,WAEItem,Temperature_Sensitive,String,TBD,TBD,N,YES,AQIL,BATCH_ABORTED_CHECKOUT,CHECKED_OUT,NONE,ALREADY_CHECKED_OUT,False,False,NO,,,,NOT_ATTEMPTED,,,Another target failed checkout; no attributes were changed. This target remains checked out.
2026-08-12T01:04:25,APPLY_APPROVED,DB_264MN032706A01_A_20260811_232337,132,264MN021219A01,A,@DB/264MN021219A01/A,Hazardous,hazardous,WAEItem,WAE_Hazardous,String,,,N,YES,AQIL,BATCH_ABORTED_CHECKOUT,CHECKED_OUT,NONE,ALREADY_CHECKED_OUT,False,False,NO,,,,NOT_ATTEMPTED,,,Another target failed checkout; no attributes were changed. This target remains checked out.
2026-08-12T01:04:25,APPLY_APPROVED,DB_264MN032706A01_A_20260811_232337,132,264MN021219A01,A,@DB/264MN021219A01/A,Serviceable_item_flag,serviceable_item,WAEItem,Serviceable_item_flag,String,TBD,TBD,TBC,YES,AQIL,BATCH_ABORTED_CHECKOUT,CHECKED_OUT,NONE,ALREADY_CHECKED_OUT,False,False,NO,,,,NOT_ATTEMPTED,,,Another target failed checkout; no attributes were changed. This target remains checked out.
2026-08-12T01:04:25,APPLY_APPROVED,DB_264MN032706A01_A_20260811_232337,133,264MN028609A01,A,@DB/264MN028609A01/A,WAE_VERSION,wae_version,WAEItem,WAE_VERSION,String,,,2,YES,AQIL,CHECKOUT_FAILED,CHECKED_OUT,NONE,FAILED,True,True,NO,,,,NOT_ATTEMPTED,,,Target is checked out but remains read-only. Checkout user: danial aiman (2dcf952ea3164c298d5cfa65ae36550e)
2026-08-12T01:04:25,APPLY_APPROVED,DB_264MN032706A01_A_20260811_232337,133,264MN028609A01,A,@DB/264MN028609A01/A,LIFED,shelf_life_limited,WAEItem,LIFED,String,TBC,TBC,N,YES,AQIL,CHECKOUT_FAILED,CHECKED_OUT,NONE,FAILED,True,True,NO,,,,NOT_ATTEMPTED,,,Target is checked out but remains read-only. Checkout user: danial aiman (2dcf952ea3164c298d5cfa65ae36550e)
2026-08-12T01:04:25,APPLY_APPROVED,DB_264MN032706A01_A_20260811_232337,133,264MN028609A01,A,@DB/264MN028609A01/A,Temperature_Sensitive,temperature_sensitive,WAEItem,Temperature_Sensitive,String,TBC,TBC,N,YES,AQIL,CHECKOUT_FAILED,CHECKED_OUT,NONE,FAILED,True,True,NO,,,,NOT_ATTEMPTED,,,Target is checked out but remains read-only. Checkout user: danial aiman (2dcf952ea3164c298d5cfa65ae36550e)
2026-08-12T01:04:25,APPLY_APPROVED,DB_264MN032706A01_A_20260811_232337,133,264MN028609A01,A,@DB/264MN028609A01/A,Hazardous,hazardous,WAEItem,WAE_Hazardous,String,,,N,YES,AQIL,CHECKOUT_FAILED,CHECKED_OUT,NONE,FAILED,True,True,NO,,,,NOT_ATTEMPTED,,,Target is checked out but remains read-only. Checkout user: danial aiman (2dcf952ea3164c298d5cfa65ae36550e)
2026-08-12T01:04:25,APPLY_APPROVED,DB_264MN032706A01_A_20260811_232337,134,264MN034649A01,A,@DB/264MN034649A01/A,,,,,,,,,NO,,NO_CHANGE,,,,,,NO,,,,NOT_REQUIRED,,,CSV business values match the Journal 04 baseline.
2026-08-12T01:04:25,APPLY_APPROVED,DB_264MN032706A01_A_20260811_232337,135,264MN034648A01,A,@DB/264MN034648A01/A,,,,,,,,,NO,,NO_CHANGE,,,,,,NO,,,,NOT_REQUIRED,,,CSV business values match the Journal 04 baseline.
2026-08-12T01:04:25,APPLY_APPROVED,DB_264MN032706A01_A_20260811_232337,136,264MN024140A01,A,@DB/264MN024140A01/A,WAE_VERSION,wae_version,WAEItem,WAE_VERSION,String,,,1,YES,AQIL,BATCH_ABORTED_CHECKOUT,CHECKED_OUT,NONE,ALREADY_CHECKED_OUT,False,False,NO,,,,NOT_ATTEMPTED,,,Another target failed checkout; no attributes were changed. This target remains checked out.
2026-08-12T01:04:25,APPLY_APPROVED,DB_264MN032706A01_A_20260811_232337,136,264MN024140A01,A,@DB/264MN024140A01/A,NX_FINISH,finish,WAEItem,NX_FINISH,String,,,N/A,YES,AQIL,BATCH_ABORTED_CHECKOUT,CHECKED_OUT,NONE,ALREADY_CHECKED_OUT,False,False,NO,,,,NOT_ATTEMPTED,,,Another target failed checkout; no attributes were changed. This target remains checked out.
2026-08-12T01:04:25,APPLY_APPROVED,DB_264MN032706A01_A_20260811_232337,136,264MN024140A01,A,@DB/264MN024140A01/A,COMPONENT_CLASS,component_class,WAEItem,COMPONENT_CLASS,String,TBC,TBC,NONE,YES,AQIL,BATCH_ABORTED_CHECKOUT,CHECKED_OUT,NONE,ALREADY_CHECKED_OUT,False,False,NO,,,,NOT_ATTEMPTED,,,Another target failed checkout; no attributes were changed. This target remains checked out.
2026-08-12T01:04:25,APPLY_APPROVED,DB_264MN032706A01_A_20260811_232337,136,264MN024140A01,A,@DB/264MN024140A01/A,Temperature_Sensitive,temperature_sensitive,WAEItem,Temperature_Sensitive,String,TBD,TBD,N,YES,AQIL,BATCH_ABORTED_CHECKOUT,CHECKED_OUT,NONE,ALREADY_CHECKED_OUT,False,False,NO,,,,NOT_ATTEMPTED,,,Another target failed checkout; no attributes were changed. This target remains checked out.
2026-08-12T01:04:25,APPLY_APPROVED,DB_264MN032706A01_A_20260811_232337,136,264MN024140A01,A,@DB/264MN024140A01/A,Hazardous,hazardous,WAEItem,WAE_Hazardous,String,,,N,YES,AQIL,BATCH_ABORTED_CHECKOUT,CHECKED_OUT,NONE,ALREADY_CHECKED_OUT,False,False,NO,,,,NOT_ATTEMPTED,,,Another target failed checkout; no attributes were changed. This target remains checked out.
2026-08-12T01:04:25,APPLY_APPROVED,DB_264MN032706A01_A_20260811_232337,136,264MN024140A01,A,@DB/264MN024140A01/A,Serviceable_item_flag,serviceable_item,WAEItem,Serviceable_item_flag,String,TBD,TBD,TBC,YES,AQIL,BATCH_ABORTED_CHECKOUT,CHECKED_OUT,NONE,ALREADY_CHECKED_OUT,False,False,NO,,,,NOT_ATTEMPTED,,,Another target failed checkout; no attributes were changed. This target remains checked out.
2026-08-12T01:04:25,APPLY_APPROVED,DB_264MN032706A01_A_20260811_232337,137,264MN021218A01,A,@DB/264MN021218A01/A,WAE_VERSION,wae_version,WAEItem,WAE_VERSION,String,,,2,YES,AQIL,BATCH_ABORTED_CHECKOUT,CHECKED_OUT,NONE,ALREADY_CHECKED_OUT,False,False,NO,,,,NOT_ATTEMPTED,,,Another target failed checkout; no attributes were changed. This target remains checked out.
2026-08-12T01:04:25,APPLY_APPROVED,DB_264MN032706A01_A_20260811_232337,137,264MN021218A01,A,@DB/264MN021218A01/A,NX_FINISH,finish,WAEItem,NX_FINISH,String,,,N/A,YES,AQIL,BATCH_ABORTED_CHECKOUT,CHECKED_OUT,NONE,ALREADY_CHECKED_OUT,False,False,NO,,,,NOT_ATTEMPTED,,,Another target failed checkout; no attributes were changed. This target remains checked out.
2026-08-12T01:04:25,APPLY_APPROVED,DB_264MN032706A01_A_20260811_232337,137,264MN021218A01,A,@DB/264MN021218A01/A,Temperature_Sensitive,temperature_sensitive,WAEItem,Temperature_Sensitive,String,TBC,TBC,N,YES,AQIL,BATCH_ABORTED_CHECKOUT,CHECKED_OUT,NONE,ALREADY_CHECKED_OUT,False,False,NO,,,,NOT_ATTEMPTED,,,Another target failed checkout; no attributes were changed. This target remains checked out.
2026-08-12T01:04:25,APPLY_APPROVED,DB_264MN032706A01_A_20260811_232337,137,264MN021218A01,A,@DB/264MN021218A01/A,Hazardous,hazardous,WAEItem,WAE_Hazardous,String,,,N,YES,AQIL,BATCH_ABORTED_CHECKOUT,CHECKED_OUT,NONE,ALREADY_CHECKED_OUT,False,False,NO,,,,NOT_ATTEMPTED,,,Another target failed checkout; no attributes were changed. This target remains checked out.
2026-08-12T01:04:25,APPLY_APPROVED,DB_264MN032706A01_A_20260811_232337,138,264MN026151A01,A,@DB/264MN026151A01/A,WAE_VERSION,wae_version,WAEItem,WAE_VERSION,String,,,2,YES,AQIL,BATCH_ABORTED_CHECKOUT,CHECKED_OUT,NONE,ALREADY_CHECKED_OUT,False,False,NO,,,,NOT_ATTEMPTED,,,Another target failed checkout; no attributes were changed. This target remains checked out.
2026-08-12T01:04:25,APPLY_APPROVED,DB_264MN032706A01_A_20260811_232337,138,264MN026151A01,A,@DB/264MN026151A01/A,LIFED,shelf_life_limited,WAEItem,LIFED,String,TBC,TBC,N,YES,AQIL,BATCH_ABORTED_CHECKOUT,CHECKED_OUT,NONE,ALREADY_CHECKED_OUT,False,False,NO,,,,NOT_ATTEMPTED,,,Another target failed checkout; no attributes were changed. This target remains checked out.
2026-08-12T01:04:25,APPLY_APPROVED,DB_264MN032706A01_A_20260811_232337,138,264MN026151A01,A,@DB/264MN026151A01/A,Hazardous,hazardous,WAEItem,WAE_Hazardous,String,,,N,YES,AQIL,BATCH_ABORTED_CHECKOUT,CHECKED_OUT,NONE,ALREADY_CHECKED_OUT,False,False,NO,,,,NOT_ATTEMPTED,,,Another target failed checkout; no attributes were changed. This target remains checked out.
2026-08-12T01:04:25,APPLY_APPROVED,DB_264MN032706A01_A_20260811_232337,139,264MN032671A01,A,@DB/264MN032671A01/A,Mfr. Part Number,manufacturer_part_number,WAEItem,MPN,String,264MN026174A01,264MN026174A01,264MN032671A01,YES,AQIL,BATCH_ABORTED_CHECKOUT,CHECKED_OUT,NONE,ALREADY_CHECKED_OUT,False,False,NO,,,,NOT_ATTEMPTED,,,Another target failed checkout; no attributes were changed. This target remains checked out.
2026-08-12T01:04:25,APPLY_APPROVED,DB_264MN032706A01_A_20260811_232337,139,264MN032671A01,A,@DB/264MN032671A01/A,WAE_VERSION,wae_version,WAEItem,WAE_VERSION,String,,,1,YES,AQIL,BATCH_ABORTED_CHECKOUT,CHECKED_OUT,NONE,ALREADY_CHECKED_OUT,False,False,NO,,,,NOT_ATTEMPTED,,,Another target failed checkout; no attributes were changed. This target remains checked out.
2026-08-12T01:04:25,APPLY_APPROVED,DB_264MN032706A01_A_20260811_232337,139,264MN032671A01,A,@DB/264MN032671A01/A,COMPONENT_CLASS,component_class,WAEItem,COMPONENT_CLASS,String,TBC,TBC,NONE,YES,AQIL,BATCH_ABORTED_CHECKOUT,CHECKED_OUT,NONE,ALREADY_CHECKED_OUT,False,False,NO,,,,NOT_ATTEMPTED,,,Another target failed checkout; no attributes were changed. This target remains checked out.
2026-08-12T01:04:25,APPLY_APPROVED,DB_264MN032706A01_A_20260811_232337,139,264MN032671A01,A,@DB/264MN032671A01/A,LIFED,shelf_life_limited,WAEItem,LIFED,String,TBC,TBC,N,YES,AQIL,BATCH_ABORTED_CHECKOUT,CHECKED_OUT,NONE,ALREADY_CHECKED_OUT,False,False,NO,,,,NOT_ATTEMPTED,,,Another target failed checkout; no attributes were changed. This target remains checked out.
2026-08-12T01:04:25,APPLY_APPROVED,DB_264MN032706A01_A_20260811_232337,139,264MN032671A01,A,@DB/264MN032671A01/A,Temperature_Sensitive,temperature_sensitive,WAEItem,Temperature_Sensitive,String,TBC,TBC,N,YES,AQIL,BATCH_ABORTED_CHECKOUT,CHECKED_OUT,NONE,ALREADY_CHECKED_OUT,False,False,NO,,,,NOT_ATTEMPTED,,,Another target failed checkout; no attributes were changed. This target remains checked out.
2026-08-12T01:04:25,APPLY_APPROVED,DB_264MN032706A01_A_20260811_232337,139,264MN032671A01,A,@DB/264MN032671A01/A,Hazardous,hazardous,WAEItem,WAE_Hazardous,String,,,N,YES,AQIL,BATCH_ABORTED_CHECKOUT,CHECKED_OUT,NONE,ALREADY_CHECKED_OUT,False,False,NO,,,,NOT_ATTEMPTED,,,Another target failed checkout; no attributes were changed. This target remains checked out.
2026-08-12T01:04:25,APPLY_APPROVED,DB_264MN032706A01_A_20260811_232337,140,264MN026183A01,A,@DB/264MN026183A01/A,WAE_VERSION,wae_version,WAEItem,WAE_VERSION,String,,,2,YES,AQIL,BATCH_ABORTED_CHECKOUT,CHECKED_OUT,NONE,ALREADY_CHECKED_OUT,False,False,NO,,,,NOT_ATTEMPTED,,,Another target failed checkout; no attributes were changed. This target remains checked out.
2026-08-12T01:04:25,APPLY_APPROVED,DB_264MN032706A01_A_20260811_232337,140,264MN026183A01,A,@DB/264MN026183A01/A,NX_FINISH,finish,WAEItem,NX_FINISH,String,TBC,TBC,N/A,YES,AQIL,BATCH_ABORTED_CHECKOUT,CHECKED_OUT,NONE,ALREADY_CHECKED_OUT,False,False,NO,,,,NOT_ATTEMPTED,,,Another target failed checkout; no attributes were changed. This target remains checked out.
2026-08-12T01:04:25,APPLY_APPROVED,DB_264MN032706A01_A_20260811_232337,140,264MN026183A01,A,@DB/264MN026183A01/A,COMPONENT_CLASS,component_class,WAEItem,COMPONENT_CLASS,String,TBC,TBC,C,YES,AQIL,BATCH_ABORTED_CHECKOUT,CHECKED_OUT,NONE,ALREADY_CHECKED_OUT,False,False,NO,,,,NOT_ATTEMPTED,,,Another target failed checkout; no attributes were changed. This target remains checked out.
2026-08-12T01:04:25,APPLY_APPROVED,DB_264MN032706A01_A_20260811_232337,140,264MN026183A01,A,@DB/264MN026183A01/A,LIFED,shelf_life_limited,WAEItem,LIFED,String,TBC,TBC,N,YES,AQIL,BATCH_ABORTED_CHECKOUT,CHECKED_OUT,NONE,ALREADY_CHECKED_OUT,False,False,NO,,,,NOT_ATTEMPTED,,,Another target failed checkout; no attributes were changed. This target remains checked out.
2026-08-12T01:04:25,APPLY_APPROVED,DB_264MN032706A01_A_20260811_232337,140,264MN026183A01,A,@DB/264MN026183A01/A,Temperature_Sensitive,temperature_sensitive,WAEItem,Temperature_Sensitive,String,TBC,TBC,N,YES,AQIL,BATCH_ABORTED_CHECKOUT,CHECKED_OUT,NONE,ALREADY_CHECKED_OUT,False,False,NO,,,,NOT_ATTEMPTED,,,Another target failed checkout; no attributes were changed. This target remains checked out.
2026-08-12T01:04:25,APPLY_APPROVED,DB_264MN032706A01_A_20260811_232337,140,264MN026183A01,A,@DB/264MN026183A01/A,Hazardous,hazardous,WAEItem,WAE_Hazardous,String,,,N,YES,AQIL,BATCH_ABORTED_CHECKOUT,CHECKED_OUT,NONE,ALREADY_CHECKED_OUT,False,False,NO,,,,NOT_ATTEMPTED,,,Another target failed checkout; no attributes were changed. This target remains checked out.
2026-08-12T01:04:25,APPLY_APPROVED,DB_264MN032706A01_A_20260811_232337,141,264MN032670A01,A,@DB/264MN032670A01/A,Mfr. Part Number,manufacturer_part_number,WAEItem,MPN,String,264MN026184A01,264MN026184A01,264MN032670A01,YES,AQIL,BATCH_ABORTED_CHECKOUT,CHECKED_OUT,NONE,ALREADY_CHECKED_OUT,False,False,NO,,,,NOT_ATTEMPTED,,,Another target failed checkout; no attributes were changed. This target remains checked out.
2026-08-12T01:04:25,APPLY_APPROVED,DB_264MN032706A01_A_20260811_232337,141,264MN032670A01,A,@DB/264MN032670A01/A,WAE_VERSION,wae_version,WAEItem,WAE_VERSION,String,,,1,YES,AQIL,BATCH_ABORTED_CHECKOUT,CHECKED_OUT,NONE,ALREADY_CHECKED_OUT,False,False,NO,,,,NOT_ATTEMPTED,,,Another target failed checkout; no attributes were changed. This target remains checked out.
2026-08-12T01:04:25,APPLY_APPROVED,DB_264MN032706A01_A_20260811_232337,141,264MN032670A01,A,@DB/264MN032670A01/A,NX_FINISH,finish,WAEItem,NX_FINISH,String,TBC,TBC,N/A,YES,AQIL,BATCH_ABORTED_CHECKOUT,CHECKED_OUT,NONE,ALREADY_CHECKED_OUT,False,False,NO,,,,NOT_ATTEMPTED,,,Another target failed checkout; no attributes were changed. This target remains checked out.
2026-08-12T01:04:25,APPLY_APPROVED,DB_264MN032706A01_A_20260811_232337,141,264MN032670A01,A,@DB/264MN032670A01/A,LIFED,shelf_life_limited,WAEItem,LIFED,String,TBC,TBC,N,YES,AQIL,BATCH_ABORTED_CHECKOUT,CHECKED_OUT,NONE,ALREADY_CHECKED_OUT,False,False,NO,,,,NOT_ATTEMPTED,,,Another target failed checkout; no attributes were changed. This target remains checked out.
2026-08-12T01:04:25,APPLY_APPROVED,DB_264MN032706A01_A_20260811_232337,141,264MN032670A01,A,@DB/264MN032670A01/A,Hazardous,hazardous,WAEItem,WAE_Hazardous,String,,,N,YES,AQIL,BATCH_ABORTED_CHECKOUT,CHECKED_OUT,NONE,ALREADY_CHECKED_OUT,False,False,NO,,,,NOT_ATTEMPTED,,,Another target failed checkout; no attributes were changed. This target remains checked out.
2026-08-12T01:04:25,APPLY_APPROVED,DB_264MN032706A01_A_20260811_232337,142,264MN026174A01,A,@DB/264MN026174A01/A,WAE_VERSION,wae_version,WAEItem,WAE_VERSION,String,,,2,YES,AQIL,BATCH_ABORTED_CHECKOUT,CHECKED_OUT,NONE,ALREADY_CHECKED_OUT,False,False,NO,,,,NOT_ATTEMPTED,,,Another target failed checkout; no attributes were changed. This target remains checked out.
2026-08-12T01:04:25,APPLY_APPROVED,DB_264MN032706A01_A_20260811_232337,142,264MN026174A01,A,@DB/264MN026174A01/A,COMPONENT_CLASS,component_class,WAEItem,COMPONENT_CLASS,String,TBC,TBC,NONE,YES,AQIL,BATCH_ABORTED_CHECKOUT,CHECKED_OUT,NONE,ALREADY_CHECKED_OUT,False,False,NO,,,,NOT_ATTEMPTED,,,Another target failed checkout; no attributes were changed. This target remains checked out.
2026-08-12T01:04:25,APPLY_APPROVED,DB_264MN032706A01_A_20260811_232337,142,264MN026174A01,A,@DB/264MN026174A01/A,LIFED,shelf_life_limited,WAEItem,LIFED,String,TBC,TBC,N,YES,AQIL,BATCH_ABORTED_CHECKOUT,CHECKED_OUT,NONE,ALREADY_CHECKED_OUT,False,False,NO,,,,NOT_ATTEMPTED,,,Another target failed checkout; no attributes were changed. This target remains checked out.
2026-08-12T01:04:25,APPLY_APPROVED,DB_264MN032706A01_A_20260811_232337,142,264MN026174A01,A,@DB/264MN026174A01/A,Temperature_Sensitive,temperature_sensitive,WAEItem,Temperature_Sensitive,String,TBC,TBC,N,YES,AQIL,BATCH_ABORTED_CHECKOUT,CHECKED_OUT,NONE,ALREADY_CHECKED_OUT,False,False,NO,,,,NOT_ATTEMPTED,,,Another target failed checkout; no attributes were changed. This target remains checked out.
2026-08-12T01:04:25,APPLY_APPROVED,DB_264MN032706A01_A_20260811_232337,142,264MN026174A01,A,@DB/264MN026174A01/A,Hazardous,hazardous,WAEItem,WAE_Hazardous,String,,,N,YES,AQIL,BATCH_ABORTED_CHECKOUT,CHECKED_OUT,NONE,ALREADY_CHECKED_OUT,False,False,NO,,,,NOT_ATTEMPTED,,,Another target failed checkout; no attributes were changed. This target remains checked out.
2026-08-12T01:04:25,APPLY_APPROVED,DB_264MN032706A01_A_20260811_232337,143,264MN026184A01,A,@DB/264MN026184A01/A,WAE_VERSION,wae_version,WAEItem,WAE_VERSION,String,,,2,YES,AQIL,BATCH_ABORTED_CHECKOUT,CHECKED_OUT,NONE,ALREADY_CHECKED_OUT,False,False,NO,,,,NOT_ATTEMPTED,,,Another target failed checkout; no attributes were changed. This target remains checked out.
2026-08-12T01:04:25,APPLY_APPROVED,DB_264MN032706A01_A_20260811_232337,143,264MN026184A01,A,@DB/264MN026184A01/A,NX_FINISH,finish,WAEItem,NX_FINISH,String,TBC,TBC,N/A,YES,AQIL,BATCH_ABORTED_CHECKOUT,CHECKED_OUT,NONE,ALREADY_CHECKED_OUT,False,False,NO,,,,NOT_ATTEMPTED,,,Another target failed checkout; no attributes were changed. This target remains checked out.
2026-08-12T01:04:25,APPLY_APPROVED,DB_264MN032706A01_A_20260811_232337,143,264MN026184A01,A,@DB/264MN026184A01/A,LIFED,shelf_life_limited,WAEItem,LIFED,String,TBC,TBC,N,YES,AQIL,BATCH_ABORTED_CHECKOUT,CHECKED_OUT,NONE,ALREADY_CHECKED_OUT,False,False,NO,,,,NOT_ATTEMPTED,,,Another target failed checkout; no attributes were changed. This target remains checked out.
2026-08-12T01:04:25,APPLY_APPROVED,DB_264MN032706A01_A_20260811_232337,143,264MN026184A01,A,@DB/264MN026184A01/A,Hazardous,hazardous,WAEItem,WAE_Hazardous,String,,,N,YES,AQIL,BATCH_ABORTED_CHECKOUT,CHECKED_OUT,NONE,ALREADY_CHECKED_OUT,False,False,NO,,,,NOT_ATTEMPTED,,,Another target failed checkout; no attributes were changed. This target remains checked out.
2026-08-12T01:04:25,APPLY_APPROVED,DB_264MN032706A01_A_20260811_232337,144,264MN026263A01,A,@DB/264MN026263A01/A,WAE_VERSION,wae_version,WAEItem,WAE_VERSION,String,,,2,YES,AQIL,BATCH_ABORTED_CHECKOUT,CHECKED_OUT,NONE,ALREADY_CHECKED_OUT,False,False,NO,,,,NOT_ATTEMPTED,,,Another target failed checkout; no attributes were changed. This target remains checked out.
2026-08-12T01:04:25,APPLY_APPROVED,DB_264MN032706A01_A_20260811_232337,144,264MN026263A01,A,@DB/264MN026263A01/A,NX_FINISH,finish,WAEItem,NX_FINISH,String,TBC,TBC,N/A,YES,AQIL,BATCH_ABORTED_CHECKOUT,CHECKED_OUT,NONE,ALREADY_CHECKED_OUT,False,False,NO,,,,NOT_ATTEMPTED,,,Another target failed checkout; no attributes were changed. This target remains checked out.
2026-08-12T01:04:25,APPLY_APPROVED,DB_264MN032706A01_A_20260811_232337,144,264MN026263A01,A,@DB/264MN026263A01/A,LIFED,shelf_life_limited,WAEItem,LIFED,String,TBC,TBC,N,YES,AQIL,BATCH_ABORTED_CHECKOUT,CHECKED_OUT,NONE,ALREADY_CHECKED_OUT,False,False,NO,,,,NOT_ATTEMPTED,,,Another target failed checkout; no attributes were changed. This target remains checked out.
2026-08-12T01:04:25,APPLY_APPROVED,DB_264MN032706A01_A_20260811_232337,144,264MN026263A01,A,@DB/264MN026263A01/A,Hazardous,hazardous,WAEItem,WAE_Hazardous,String,,,N,YES,AQIL,BATCH_ABORTED_CHECKOUT,CHECKED_OUT,NONE,ALREADY_CHECKED_OUT,False,False,NO,,,,NOT_ATTEMPTED,,,Another target failed checkout; no attributes were changed. This target remains checked out.
2026-08-12T01:04:25,APPLY_APPROVED,DB_264MN032706A01_A_20260811_232337,145,264MN028532A01,A,@DB/264MN028532A01/A,WAE_VERSION,wae_version,WAEItem,WAE_VERSION,String,,,2,YES,AQIL,CHECKOUT_FAILED,CHECKED_OUT,NONE,FAILED,True,True,NO,,,,NOT_ATTEMPTED,,,Target is checked out but remains read-only. Checkout user: zainal azfar (c88b57d99f264eb49553d5e582964f03)
2026-08-12T01:04:25,APPLY_APPROVED,DB_264MN032706A01_A_20260811_232337,145,264MN028532A01,A,@DB/264MN028532A01/A,NX_FINISH,finish,WAEItem,NX_FINISH,String,TBC,TBC,N/A,YES,AQIL,CHECKOUT_FAILED,CHECKED_OUT,NONE,FAILED,True,True,NO,,,,NOT_ATTEMPTED,,,Target is checked out but remains read-only. Checkout user: zainal azfar (c88b57d99f264eb49553d5e582964f03)
2026-08-12T01:04:25,APPLY_APPROVED,DB_264MN032706A01_A_20260811_232337,145,264MN028532A01,A,@DB/264MN028532A01/A,Temperature_Sensitive,temperature_sensitive,WAEItem,Temperature_Sensitive,String,TBC,TBC,N,YES,AQIL,CHECKOUT_FAILED,CHECKED_OUT,NONE,FAILED,True,True,NO,,,,NOT_ATTEMPTED,,,Target is checked out but remains read-only. Checkout user: zainal azfar (c88b57d99f264eb49553d5e582964f03)
2026-08-12T01:04:25,APPLY_APPROVED,DB_264MN032706A01_A_20260811_232337,145,264MN028532A01,A,@DB/264MN028532A01/A,Hazardous,hazardous,WAEItem,WAE_Hazardous,String,,,N,YES,AQIL,CHECKOUT_FAILED,CHECKED_OUT,NONE,FAILED,True,True,NO,,,,NOT_ATTEMPTED,,,Target is checked out but remains read-only. Checkout user: zainal azfar (c88b57d99f264eb49553d5e582964f03)
2026-08-12T01:04:25,APPLY_APPROVED,DB_264MN032706A01_A_20260811_232337,146,264MN026145A01,A,@DB/264MN026145A01/A,WAE_VERSION,wae_version,WAEItem,WAE_VERSION,String,,,2,YES,AQIL,BATCH_ABORTED_CHECKOUT,CHECKED_OUT,NONE,ALREADY_CHECKED_OUT,False,False,NO,,,,NOT_ATTEMPTED,,,Another target failed checkout; no attributes were changed. This target remains checked out.
2026-08-12T01:04:25,APPLY_APPROVED,DB_264MN032706A01_A_20260811_232337,146,264MN026145A01,A,@DB/264MN026145A01/A,NX_FINISH,finish,WAEItem,NX_FINISH,String,TBC,TBC,N/A,YES,AQIL,BATCH_ABORTED_CHECKOUT,CHECKED_OUT,NONE,ALREADY_CHECKED_OUT,False,False,NO,,,,NOT_ATTEMPTED,,,Another target failed checkout; no attributes were changed. This target remains checked out.
2026-08-12T01:04:25,APPLY_APPROVED,DB_264MN032706A01_A_20260811_232337,146,264MN026145A01,A,@DB/264MN026145A01/A,COMPONENT_CLASS,component_class,WAEItem,COMPONENT_CLASS,String,C,C,A,YES,AQIL,BATCH_ABORTED_CHECKOUT,CHECKED_OUT,NONE,ALREADY_CHECKED_OUT,False,False,NO,,,,NOT_ATTEMPTED,,,Another target failed checkout; no attributes were changed. This target remains checked out.
2026-08-12T01:04:25,APPLY_APPROVED,DB_264MN032706A01_A_20260811_232337,146,264MN026145A01,A,@DB/264MN026145A01/A,Temperature_Sensitive,temperature_sensitive,WAEItem,Temperature_Sensitive,String,TBC,TBC,N,YES,AQIL,BATCH_ABORTED_CHECKOUT,CHECKED_OUT,NONE,ALREADY_CHECKED_OUT,False,False,NO,,,,NOT_ATTEMPTED,,,Another target failed checkout; no attributes were changed. This target remains checked out.
2026-08-12T01:04:25,APPLY_APPROVED,DB_264MN032706A01_A_20260811_232337,146,264MN026145A01,A,@DB/264MN026145A01/A,Hazardous,hazardous,WAEItem,WAE_Hazardous,String,,,N,YES,AQIL,BATCH_ABORTED_CHECKOUT,CHECKED_OUT,NONE,ALREADY_CHECKED_OUT,False,False,NO,,,,NOT_ATTEMPTED,,,Another target failed checkout; no attributes were changed. This target remains checked out.
2026-08-12T01:04:25,APPLY_APPROVED,DB_264MN032706A01_A_20260811_232337,147,264MN026142A01,A,@DB/264MN026142A01/A,WAE_VERSION,wae_version,WAEItem,WAE_VERSION,String,,,2,YES,AQIL,BATCH_ABORTED_CHECKOUT,CHECKED_OUT,NONE,ALREADY_CHECKED_OUT,False,False,NO,,,,NOT_ATTEMPTED,,,Another target failed checkout; no attributes were changed. This target remains checked out.
2026-08-12T01:04:25,APPLY_APPROVED,DB_264MN032706A01_A_20260811_232337,147,264MN026142A01,A,@DB/264MN026142A01/A,NX_FINISH,finish,WAEItem,NX_FINISH,String,TBC,TBC,N/A,YES,AQIL,BATCH_ABORTED_CHECKOUT,CHECKED_OUT,NONE,ALREADY_CHECKED_OUT,False,False,NO,,,,NOT_ATTEMPTED,,,Another target failed checkout; no attributes were changed. This target remains checked out.
2026-08-12T01:04:25,APPLY_APPROVED,DB_264MN032706A01_A_20260811_232337,147,264MN026142A01,A,@DB/264MN026142A01/A,COMPONENT_CLASS,component_class,WAEItem,COMPONENT_CLASS,String,C,C,A,YES,AQIL,BATCH_ABORTED_CHECKOUT,CHECKED_OUT,NONE,ALREADY_CHECKED_OUT,False,False,NO,,,,NOT_ATTEMPTED,,,Another target failed checkout; no attributes were changed. This target remains checked out.
2026-08-12T01:04:25,APPLY_APPROVED,DB_264MN032706A01_A_20260811_232337,147,264MN026142A01,A,@DB/264MN026142A01/A,Temperature_Sensitive,temperature_sensitive,WAEItem,Temperature_Sensitive,String,TBC,TBC,N,YES,AQIL,BATCH_ABORTED_CHECKOUT,CHECKED_OUT,NONE,ALREADY_CHECKED_OUT,False,False,NO,,,,NOT_ATTEMPTED,,,Another target failed checkout; no attributes were changed. This target remains checked out.
2026-08-12T01:04:25,APPLY_APPROVED,DB_264MN032706A01_A_20260811_232337,147,264MN026142A01,A,@DB/264MN026142A01/A,Hazardous,hazardous,WAEItem,WAE_Hazardous,String,,,N,YES,AQIL,BATCH_ABORTED_CHECKOUT,CHECKED_OUT,NONE,ALREADY_CHECKED_OUT,False,False,NO,,,,NOT_ATTEMPTED,,,Another target failed checkout; no attributes were changed. This target remains checked out.
2026-08-12T01:04:25,APPLY_APPROVED,DB_264MN032706A01_A_20260811_232337,148,264MN026133A01,A,@DB/264MN026133A01/A,WAE_VERSION,wae_version,WAEItem,WAE_VERSION,String,,,2,YES,AQIL,BATCH_ABORTED_CHECKOUT,CHECKED_OUT,NONE,ALREADY_CHECKED_OUT,False,False,NO,,,,NOT_ATTEMPTED,,,Another target failed checkout; no attributes were changed. This target remains checked out.
2026-08-12T01:04:25,APPLY_APPROVED,DB_264MN032706A01_A_20260811_232337,148,264MN026133A01,A,@DB/264MN026133A01/A,NX_FINISH,finish,WAEItem,NX_FINISH,String,TBC,TBC,N/A,YES,AQIL,BATCH_ABORTED_CHECKOUT,CHECKED_OUT,NONE,ALREADY_CHECKED_OUT,False,False,NO,,,,NOT_ATTEMPTED,,,Another target failed checkout; no attributes were changed. This target remains checked out.
2026-08-12T01:04:25,APPLY_APPROVED,DB_264MN032706A01_A_20260811_232337,148,264MN026133A01,A,@DB/264MN026133A01/A,COMPONENT_CLASS,component_class,WAEItem,COMPONENT_CLASS,String,C,C,A,YES,AQIL,BATCH_ABORTED_CHECKOUT,CHECKED_OUT,NONE,ALREADY_CHECKED_OUT,False,False,NO,,,,NOT_ATTEMPTED,,,Another target failed checkout; no attributes were changed. This target remains checked out.
2026-08-12T01:04:25,APPLY_APPROVED,DB_264MN032706A01_A_20260811_232337,148,264MN026133A01,A,@DB/264MN026133A01/A,Temperature_Sensitive,temperature_sensitive,WAEItem,Temperature_Sensitive,String,TBC,TBC,N,YES,AQIL,BATCH_ABORTED_CHECKOUT,CHECKED_OUT,NONE,ALREADY_CHECKED_OUT,False,False,NO,,,,NOT_ATTEMPTED,,,Another target failed checkout; no attributes were changed. This target remains checked out.
2026-08-12T01:04:25,APPLY_APPROVED,DB_264MN032706A01_A_20260811_232337,148,264MN026133A01,A,@DB/264MN026133A01/A,Hazardous,hazardous,WAEItem,WAE_Hazardous,String,,,N,YES,AQIL,BATCH_ABORTED_CHECKOUT,CHECKED_OUT,NONE,ALREADY_CHECKED_OUT,False,False,NO,,,,NOT_ATTEMPTED,,,Another target failed checkout; no attributes were changed. This target remains checked out.
2026-08-12T01:04:25,APPLY_APPROVED,DB_264MN032706A01_A_20260811_232337,149,264MN026150A01,A,@DB/264MN026150A01/A,WAE_VERSION,wae_version,WAEItem,WAE_VERSION,String,,,2,YES,AQIL,BATCH_ABORTED_CHECKOUT,CHECKED_OUT,NONE,ALREADY_CHECKED_OUT,False,False,NO,,,,NOT_ATTEMPTED,,,Another target failed checkout; no attributes were changed. This target remains checked out.
2026-08-12T01:04:25,APPLY_APPROVED,DB_264MN032706A01_A_20260811_232337,149,264MN026150A01,A,@DB/264MN026150A01/A,NX_FINISH,finish,WAEItem,NX_FINISH,String,TBC,TBC,N/A,YES,AQIL,BATCH_ABORTED_CHECKOUT,CHECKED_OUT,NONE,ALREADY_CHECKED_OUT,False,False,NO,,,,NOT_ATTEMPTED,,,Another target failed checkout; no attributes were changed. This target remains checked out.
2026-08-12T01:04:25,APPLY_APPROVED,DB_264MN032706A01_A_20260811_232337,149,264MN026150A01,A,@DB/264MN026150A01/A,COMPONENT_CLASS,component_class,WAEItem,COMPONENT_CLASS,String,C,C,A,YES,AQIL,BATCH_ABORTED_CHECKOUT,CHECKED_OUT,NONE,ALREADY_CHECKED_OUT,False,False,NO,,,,NOT_ATTEMPTED,,,Another target failed checkout; no attributes were changed. This target remains checked out.
2026-08-12T01:04:25,APPLY_APPROVED,DB_264MN032706A01_A_20260811_232337,149,264MN026150A01,A,@DB/264MN026150A01/A,Temperature_Sensitive,temperature_sensitive,WAEItem,Temperature_Sensitive,String,TBC,TBC,N,YES,AQIL,BATCH_ABORTED_CHECKOUT,CHECKED_OUT,NONE,ALREADY_CHECKED_OUT,False,False,NO,,,,NOT_ATTEMPTED,,,Another target failed checkout; no attributes were changed. This target remains checked out.
2026-08-12T01:04:25,APPLY_APPROVED,DB_264MN032706A01_A_20260811_232337,149,264MN026150A01,A,@DB/264MN026150A01/A,Hazardous,hazardous,WAEItem,WAE_Hazardous,String,,,N,YES,AQIL,BATCH_ABORTED_CHECKOUT,CHECKED_OUT,NONE,ALREADY_CHECKED_OUT,False,False,NO,,,,NOT_ATTEMPTED,,,Another target failed checkout; no attributes were changed. This target remains checked out.
2026-08-12T01:04:25,APPLY_APPROVED,DB_264MN032706A01_A_20260811_232337,150,264MN032607A01,A,@DB/264MN032607A01/A,UOM,uom,WAEItem,Unit_Of_Measure,String,,,ea,YES,AQIL,CHECKOUT_FAILED,CHECKED_OUT,NONE,FAILED,True,True,NO,,,,NOT_ATTEMPTED,,,Target is checked out but remains read-only. Checkout user: danial aiman (2dcf952ea3164c298d5cfa65ae36550e)
2026-08-12T01:04:25,APPLY_APPROVED,DB_264MN032706A01_A_20260811_232337,150,264MN032607A01,A,@DB/264MN032607A01/A,Mfr. Name,manufacturer,WAEItem,MFG,String,,,FABRICATOR,YES,AQIL,CHECKOUT_FAILED,CHECKED_OUT,NONE,FAILED,True,True,NO,,,,NOT_ATTEMPTED,,,Target is checked out but remains read-only. Checkout user: danial aiman (2dcf952ea3164c298d5cfa65ae36550e)
2026-08-12T01:04:25,APPLY_APPROVED,DB_264MN032706A01_A_20260811_232337,150,264MN032607A01,A,@DB/264MN032607A01/A,Mfr. Part Number,manufacturer_part_number,WAEItem,MPN,String,,,264MN032607A01,YES,AQIL,CHECKOUT_FAILED,CHECKED_OUT,NONE,FAILED,True,True,NO,,,,NOT_ATTEMPTED,,,Target is checked out but remains read-only. Checkout user: danial aiman (2dcf952ea3164c298d5cfa65ae36550e)
2026-08-12T01:04:25,APPLY_APPROVED,DB_264MN032706A01_A_20260811_232337,150,264MN032607A01,A,@DB/264MN032607A01/A,Reference Notes,stocking_type,WAEItem,Stocking_Type,String,,,REF,YES,AQIL,CHECKOUT_FAILED,CHECKED_OUT,NONE,FAILED,True,True,NO,,,,NOT_ATTEMPTED,,,Target is checked out but remains read-only. Checkout user: danial aiman (2dcf952ea3164c298d5cfa65ae36550e)
2026-08-12T01:04:25,APPLY_APPROVED,DB_264MN032706A01_A_20260811_232337,150,264MN032607A01,A,@DB/264MN032607A01/A,WAE_VERSION,wae_version,WAEItem,WAE_VERSION,String,,,1,YES,AQIL,CHECKOUT_FAILED,CHECKED_OUT,NONE,FAILED,True,True,NO,,,,NOT_ATTEMPTED,,,Target is checked out but remains read-only. Checkout user: danial aiman (2dcf952ea3164c298d5cfa65ae36550e)
2026-08-12T01:04:25,APPLY_APPROVED,DB_264MN032706A01_A_20260811_232337,150,264MN032607A01,A,@DB/264MN032607A01/A,COMPONENT_CLASS,component_class,WAEItem,COMPONENT_CLASS,String,,,NONE,YES,AQIL,CHECKOUT_FAILED,CHECKED_OUT,NONE,FAILED,True,True,NO,,,,NOT_ATTEMPTED,,,Target is checked out but remains read-only. Checkout user: danial aiman (2dcf952ea3164c298d5cfa65ae36550e)
2026-08-12T01:04:25,APPLY_APPROVED,DB_264MN032706A01_A_20260811_232337,150,264MN032607A01,A,@DB/264MN032607A01/A,LIFED,shelf_life_limited,WAEItem,LIFED,String,,,N,YES,AQIL,CHECKOUT_FAILED,CHECKED_OUT,NONE,FAILED,True,True,NO,,,,NOT_ATTEMPTED,,,Target is checked out but remains read-only. Checkout user: danial aiman (2dcf952ea3164c298d5cfa65ae36550e)
2026-08-12T01:04:25,APPLY_APPROVED,DB_264MN032706A01_A_20260811_232337,150,264MN032607A01,A,@DB/264MN032607A01/A,SERIAL_NUMBERED_PART,traceability,WAEItem,SERIAL_NUMBERED_PART,String,,,BATCH,YES,AQIL,CHECKOUT_FAILED,CHECKED_OUT,NONE,FAILED,True,True,NO,,,,NOT_ATTEMPTED,,,Target is checked out but remains read-only. Checkout user: danial aiman (2dcf952ea3164c298d5cfa65ae36550e)
2026-08-12T01:04:25,APPLY_APPROVED,DB_264MN032706A01_A_20260811_232337,150,264MN032607A01,A,@DB/264MN032607A01/A,Temperature_Sensitive,temperature_sensitive,WAEItem,Temperature_Sensitive,String,,,N,YES,AQIL,CHECKOUT_FAILED,CHECKED_OUT,NONE,FAILED,True,True,NO,,,,NOT_ATTEMPTED,,,Target is checked out but remains read-only. Checkout user: danial aiman (2dcf952ea3164c298d5cfa65ae36550e)
2026-08-12T01:04:25,APPLY_APPROVED,DB_264MN032706A01_A_20260811_232337,150,264MN032607A01,A,@DB/264MN032607A01/A,Hazardous,hazardous,WAEItem,WAE_Hazardous,String,,,N,YES,AQIL,CHECKOUT_FAILED,CHECKED_OUT,NONE,FAILED,True,True,NO,,,,NOT_ATTEMPTED,,,Target is checked out but remains read-only. Checkout user: danial aiman (2dcf952ea3164c298d5cfa65ae36550e)
2026-08-12T01:04:25,APPLY_APPROVED,DB_264MN032706A01_A_20260811_232337,150,264MN032607A01,A,@DB/264MN032607A01/A,COMMODITYTYPE,commodity_type,WAEItem,COMMODITYTYPE,String,,,TBC,YES,AQIL,CHECKOUT_FAILED,CHECKED_OUT,NONE,FAILED,True,True,NO,,,,NOT_ATTEMPTED,,,Target is checked out but remains read-only. Checkout user: danial aiman (2dcf952ea3164c298d5cfa65ae36550e)
2026-08-12T01:04:25,APPLY_APPROVED,DB_264MN032706A01_A_20260811_232337,150,264MN032607A01,A,@DB/264MN032607A01/A,Commodity_Code,commodity_code,WAEItem,Commodity_Code,String,,,TBC,YES,AQIL,CHECKOUT_FAILED,CHECKED_OUT,NONE,FAILED,True,True,NO,,,,NOT_ATTEMPTED,,,Target is checked out but remains read-only. Checkout user: danial aiman (2dcf952ea3164c298d5cfa65ae36550e)
2026-08-12T01:04:25,APPLY_APPROVED,DB_264MN032706A01_A_20260811_232337,150,264MN032607A01,A,@DB/264MN032607A01/A,Serviceable_item_flag,serviceable_item,WAEItem,Serviceable_item_flag,String,,,TBC,YES,AQIL,CHECKOUT_FAILED,CHECKED_OUT,NONE,FAILED,True,True,NO,,,,NOT_ATTEMPTED,,,Target is checked out but remains read-only. Checkout user: danial aiman (2dcf952ea3164c298d5cfa65ae36550e)
2026-08-12T01:04:25,APPLY_APPROVED,DB_264MN032706A01_A_20260811_232337,150,264MN032607A01,A,@DB/264MN032607A01/A,Export_Control_Number,export_control_number,WAEItem,Export_Control_Number,String,,,TBC,YES,AQIL,CHECKOUT_FAILED,CHECKED_OUT,NONE,FAILED,True,True,NO,,,,NOT_ATTEMPTED,,,Target is checked out but remains read-only. Checkout user: danial aiman (2dcf952ea3164c298d5cfa65ae36550e)
2026-08-12T01:04:25,APPLY_APPROVED,DB_264MN032706A01_A_20260811_232337,150,264MN032607A01,A,@DB/264MN032607A01/A,Country_of_Origin,country_of_origin,WAEItem,Country_of_Origin,String,,,TBC,YES,AQIL,CHECKOUT_FAILED,CHECKED_OUT,NONE,FAILED,True,True,NO,,,,NOT_ATTEMPTED,,,Target is checked out but remains read-only. Checkout user: danial aiman (2dcf952ea3164c298d5cfa65ae36550e)
2026-08-12T01:04:25,APPLY_APPROVED,DB_264MN032706A01_A_20260811_232337,151,264MN026307A01,A,@DB/264MN026307A01/A,WAE_VERSION,wae_version,WAEItem,WAE_VERSION,String,,,2,YES,AQIL,BATCH_ABORTED_CHECKOUT,CHECKED_OUT,NONE,ALREADY_CHECKED_OUT,False,False,NO,,,,NOT_ATTEMPTED,,,Another target failed checkout; no attributes were changed. This target remains checked out.
2026-08-12T01:04:25,APPLY_APPROVED,DB_264MN032706A01_A_20260811_232337,151,264MN026307A01,A,@DB/264MN026307A01/A,NX_FINISH,finish,WAEItem,NX_FINISH,String,TBC,TBC,N/A,YES,AQIL,BATCH_ABORTED_CHECKOUT,CHECKED_OUT,NONE,ALREADY_CHECKED_OUT,False,False,NO,,,,NOT_ATTEMPTED,,,Another target failed checkout; no attributes were changed. This target remains checked out.
2026-08-12T01:04:25,APPLY_APPROVED,DB_264MN032706A01_A_20260811_232337,151,264MN026307A01,A,@DB/264MN026307A01/A,COMPONENT_CLASS,component_class,WAEItem,COMPONENT_CLASS,String,C,C,A,YES,AQIL,BATCH_ABORTED_CHECKOUT,CHECKED_OUT,NONE,ALREADY_CHECKED_OUT,False,False,NO,,,,NOT_ATTEMPTED,,,Another target failed checkout; no attributes were changed. This target remains checked out.
2026-08-12T01:04:25,APPLY_APPROVED,DB_264MN032706A01_A_20260811_232337,151,264MN026307A01,A,@DB/264MN026307A01/A,LIFED,shelf_life_limited,WAEItem,LIFED,String,TBC,TBC,N,YES,AQIL,BATCH_ABORTED_CHECKOUT,CHECKED_OUT,NONE,ALREADY_CHECKED_OUT,False,False,NO,,,,NOT_ATTEMPTED,,,Another target failed checkout; no attributes were changed. This target remains checked out.
2026-08-12T01:04:25,APPLY_APPROVED,DB_264MN032706A01_A_20260811_232337,151,264MN026307A01,A,@DB/264MN026307A01/A,Hazardous,hazardous,WAEItem,WAE_Hazardous,String,,,N,YES,AQIL,BATCH_ABORTED_CHECKOUT,CHECKED_OUT,NONE,ALREADY_CHECKED_OUT,False,False,NO,,,,NOT_ATTEMPTED,,,Another target failed checkout; no attributes were changed. This target remains checked out.
2026-08-12T01:04:25,APPLY_APPROVED,DB_264MN032706A01_A_20260811_232337,152,264MN029721A01,A,@DB/264MN029721A01/A,WAE_VERSION,wae_version,WAEItem,WAE_VERSION,String,,,1,YES,AQIL,CHECKOUT_FAILED,CHECKED_OUT,NONE,FAILED,True,True,NO,,,,NOT_ATTEMPTED,,,Target is checked out but remains read-only. Checkout user: danial aiman (2dcf952ea3164c298d5cfa65ae36550e)
2026-08-12T01:04:25,APPLY_APPROVED,DB_264MN032706A01_A_20260811_232337,152,264MN029721A01,A,@DB/264MN029721A01/A,NX_FINISH,finish,WAEItem,NX_FINISH,String,TBC,TBC,N/A,YES,AQIL,CHECKOUT_FAILED,CHECKED_OUT,NONE,FAILED,True,True,NO,,,,NOT_ATTEMPTED,,,Target is checked out but remains read-only. Checkout user: danial aiman (2dcf952ea3164c298d5cfa65ae36550e)
2026-08-12T01:04:25,APPLY_APPROVED,DB_264MN032706A01_A_20260811_232337,152,264MN029721A01,A,@DB/264MN029721A01/A,COMPONENT_CLASS,component_class,WAEItem,COMPONENT_CLASS,String,TBC,TBC,NONE,YES,AQIL,CHECKOUT_FAILED,CHECKED_OUT,NONE,FAILED,True,True,NO,,,,NOT_ATTEMPTED,,,Target is checked out but remains read-only. Checkout user: danial aiman (2dcf952ea3164c298d5cfa65ae36550e)
2026-08-12T01:04:25,APPLY_APPROVED,DB_264MN032706A01_A_20260811_232337,152,264MN029721A01,A,@DB/264MN029721A01/A,LIFED,shelf_life_limited,WAEItem,LIFED,String,TBC,TBC,N,YES,AQIL,CHECKOUT_FAILED,CHECKED_OUT,NONE,FAILED,True,True,NO,,,,NOT_ATTEMPTED,,,Target is checked out but remains read-only. Checkout user: danial aiman (2dcf952ea3164c298d5cfa65ae36550e)
2026-08-12T01:04:25,APPLY_APPROVED,DB_264MN032706A01_A_20260811_232337,152,264MN029721A01,A,@DB/264MN029721A01/A,Temperature_Sensitive,temperature_sensitive,WAEItem,Temperature_Sensitive,String,TBC,TBC,N,YES,AQIL,CHECKOUT_FAILED,CHECKED_OUT,NONE,FAILED,True,True,NO,,,,NOT_ATTEMPTED,,,Target is checked out but remains read-only. Checkout user: danial aiman (2dcf952ea3164c298d5cfa65ae36550e)
2026-08-12T01:04:25,APPLY_APPROVED,DB_264MN032706A01_A_20260811_232337,152,264MN029721A01,A,@DB/264MN029721A01/A,Hazardous,hazardous,WAEItem,WAE_Hazardous,String,,,N,YES,AQIL,CHECKOUT_FAILED,CHECKED_OUT,NONE,FAILED,True,True,NO,,,,NOT_ATTEMPTED,,,Target is checked out but remains read-only. Checkout user: danial aiman (2dcf952ea3164c298d5cfa65ae36550e)
2026-08-12T01:04:25,APPLY_APPROVED,DB_264MN032706A01_A_20260811_232337,153,264MN021433A01,A,@DB/264MN021433A01/A,WAE_VERSION,wae_version,WAEItem,WAE_VERSION,String,,,2,YES,AQIL,CHECKOUT_FAILED,CHECKED_OUT,NONE,FAILED,True,True,NO,,,,NOT_ATTEMPTED,,,Target is checked out but remains read-only. Checkout user: danial aiman (2dcf952ea3164c298d5cfa65ae36550e)
2026-08-12T01:04:25,APPLY_APPROVED,DB_264MN032706A01_A_20260811_232337,153,264MN021433A01,A,@DB/264MN021433A01/A,Temperature_Sensitive,temperature_sensitive,WAEItem,Temperature_Sensitive,String,TBC,TBC,N,YES,AQIL,CHECKOUT_FAILED,CHECKED_OUT,NONE,FAILED,True,True,NO,,,,NOT_ATTEMPTED,,,Target is checked out but remains read-only. Checkout user: danial aiman (2dcf952ea3164c298d5cfa65ae36550e)
2026-08-12T01:04:25,APPLY_APPROVED,DB_264MN032706A01_A_20260811_232337,153,264MN021433A01,A,@DB/264MN021433A01/A,Hazardous,hazardous,WAEItem,WAE_Hazardous,String,,,N,YES,AQIL,CHECKOUT_FAILED,CHECKED_OUT,NONE,FAILED,True,True,NO,,,,NOT_ATTEMPTED,,,Target is checked out but remains read-only. Checkout user: danial aiman (2dcf952ea3164c298d5cfa65ae36550e)
2026-08-12T01:04:25,APPLY_APPROVED,DB_264MN032706A01_A_20260811_232337,154,264MN025514A01,A,@DB/264MN025514A01/A,NX_FINISH,finish,WAEItem,NX_FINISH,String,,,N/A,YES,AQIL,CHECKOUT_FAILED,CHECKED_OUT,NONE,FAILED,True,True,NO,,,,NOT_ATTEMPTED,,,Target is checked out but remains read-only. Checkout user: danial aiman (2dcf952ea3164c298d5cfa65ae36550e)
2026-08-12T01:04:25,APPLY_APPROVED,DB_264MN032706A01_A_20260811_232337,154,264MN025514A01,A,@DB/264MN025514A01/A,COMPONENT_CLASS,component_class,WAEItem,COMPONENT_CLASS,String,TBC,TBC,NONE,YES,AQIL,CHECKOUT_FAILED,CHECKED_OUT,NONE,FAILED,True,True,NO,,,,NOT_ATTEMPTED,,,Target is checked out but remains read-only. Checkout user: danial aiman (2dcf952ea3164c298d5cfa65ae36550e)
2026-08-12T01:04:25,APPLY_APPROVED,DB_264MN032706A01_A_20260811_232337,154,264MN025514A01,A,@DB/264MN025514A01/A,LIFED,shelf_life_limited,WAEItem,LIFED,String,TBC,TBC,N,YES,AQIL,CHECKOUT_FAILED,CHECKED_OUT,NONE,FAILED,True,True,NO,,,,NOT_ATTEMPTED,,,Target is checked out but remains read-only. Checkout user: danial aiman (2dcf952ea3164c298d5cfa65ae36550e)
2026-08-12T01:04:25,APPLY_APPROVED,DB_264MN032706A01_A_20260811_232337,154,264MN025514A01,A,@DB/264MN025514A01/A,Temperature_Sensitive,temperature_sensitive,WAEItem,Temperature_Sensitive,String,TBC,TBC,N,YES,AQIL,CHECKOUT_FAILED,CHECKED_OUT,NONE,FAILED,True,True,NO,,,,NOT_ATTEMPTED,,,Target is checked out but remains read-only. Checkout user: danial aiman (2dcf952ea3164c298d5cfa65ae36550e)
2026-08-12T01:04:25,APPLY_APPROVED,DB_264MN032706A01_A_20260811_232337,154,264MN025514A01,A,@DB/264MN025514A01/A,Hazardous,hazardous,WAEItem,WAE_Hazardous,String,,,N,YES,AQIL,CHECKOUT_FAILED,CHECKED_OUT,NONE,FAILED,True,True,NO,,,,NOT_ATTEMPTED,,,Target is checked out but remains read-only. Checkout user: danial aiman (2dcf952ea3164c298d5cfa65ae36550e)
2026-08-12T01:04:25,APPLY_APPROVED,DB_264MN032706A01_A_20260811_232337,155,264MN034800A01,A,@DB/264MN034800A01/A,,,,,,,,,NO,,NO_CHANGE,,,,,,NO,,,,NOT_REQUIRED,,,CSV business values match the Journal 04 baseline.
2026-08-12T01:04:25,APPLY_APPROVED,DB_264MN032706A01_A_20260811_232337,156,264MN021282A01,A,@DB/264MN021282A01/A,WAE_VERSION,wae_version,WAEItem,WAE_VERSION,String,,,2,YES,AQIL,BATCH_ABORTED_CHECKOUT,CHECKED_OUT,NONE,ALREADY_CHECKED_OUT,False,False,NO,,,,NOT_ATTEMPTED,,,Another target failed checkout; no attributes were changed. This target remains checked out.
2026-08-12T01:04:25,APPLY_APPROVED,DB_264MN032706A01_A_20260811_232337,156,264MN021282A01,A,@DB/264MN021282A01/A,Temperature_Sensitive,temperature_sensitive,WAEItem,Temperature_Sensitive,String,TBC,TBC,N,YES,AQIL,BATCH_ABORTED_CHECKOUT,CHECKED_OUT,NONE,ALREADY_CHECKED_OUT,False,False,NO,,,,NOT_ATTEMPTED,,,Another target failed checkout; no attributes were changed. This target remains checked out.
2026-08-12T01:04:25,APPLY_APPROVED,DB_264MN032706A01_A_20260811_232337,156,264MN021282A01,A,@DB/264MN021282A01/A,Hazardous,hazardous,WAEItem,WAE_Hazardous,String,,,N,YES,AQIL,BATCH_ABORTED_CHECKOUT,CHECKED_OUT,NONE,ALREADY_CHECKED_OUT,False,False,NO,,,,NOT_ATTEMPTED,,,Another target failed checkout; no attributes were changed. This target remains checked out.
2026-08-12T01:04:25,APPLY_APPROVED,DB_264MN032706A01_A_20260811_232337,157,264MN033053A01,A,@DB/264MN033053A01/A,LIFED,shelf_life_limited,WAEItem,LIFED,String,TBC,TBC,N,YES,AQIL,BATCH_ABORTED_CHECKOUT,CHECKED_OUT,NONE,ALREADY_CHECKED_OUT,False,False,NO,,,,NOT_ATTEMPTED,,,Another target failed checkout; no attributes were changed. This target remains checked out.
2026-08-12T01:04:25,APPLY_APPROVED,DB_264MN032706A01_A_20260811_232337,157,264MN033053A01,A,@DB/264MN033053A01/A,Temperature_Sensitive,temperature_sensitive,WAEItem,Temperature_Sensitive,String,TBC,TBC,N,YES,AQIL,BATCH_ABORTED_CHECKOUT,CHECKED_OUT,NONE,ALREADY_CHECKED_OUT,False,False,NO,,,,NOT_ATTEMPTED,,,Another target failed checkout; no attributes were changed. This target remains checked out.
2026-08-12T01:04:25,APPLY_APPROVED,DB_264MN032706A01_A_20260811_232337,158,264MN025545A01,A,@DB/264MN025545A01/A,NX_FINISH,finish,WAEItem,NX_FINISH,String,SEE NOTES,SEE NOTES,N/A,YES,AQIL,CHECKOUT_FAILED,CHECKED_OUT,NONE,FAILED,True,True,NO,,,,NOT_ATTEMPTED,,,Target is checked out but remains read-only. Checkout user: danial aiman (2dcf952ea3164c298d5cfa65ae36550e)
2026-08-12T01:04:25,APPLY_APPROVED,DB_264MN032706A01_A_20260811_232337,158,264MN025545A01,A,@DB/264MN025545A01/A,Temperature_Sensitive,temperature_sensitive,WAEItem,Temperature_Sensitive,String,TBC,TBC,N,YES,AQIL,CHECKOUT_FAILED,CHECKED_OUT,NONE,FAILED,True,True,NO,,,,NOT_ATTEMPTED,,,Target is checked out but remains read-only. Checkout user: danial aiman (2dcf952ea3164c298d5cfa65ae36550e)
2026-08-12T01:04:25,APPLY_APPROVED,DB_264MN032706A01_A_20260811_232337,159,264MN025506A01,A,@DB/264MN025506A01/A,WAE_VERSION,wae_version,WAEItem,WAE_VERSION,String,,,2,YES,AQIL,CHECKOUT_FAILED,CHECKED_OUT,NONE,FAILED,True,True,NO,,,,NOT_ATTEMPTED,,,Target is checked out but remains read-only. Checkout user: ahmad suhair (201b52be361f4577a72457585519c69c)
2026-08-12T01:04:25,APPLY_APPROVED,DB_264MN032706A01_A_20260811_232337,159,264MN025506A01,A,@DB/264MN025506A01/A,Temperature_Sensitive,temperature_sensitive,WAEItem,Temperature_Sensitive,String,TBC,TBC,N,YES,AQIL,CHECKOUT_FAILED,CHECKED_OUT,NONE,FAILED,True,True,NO,,,,NOT_ATTEMPTED,,,Target is checked out but remains read-only. Checkout user: ahmad suhair (201b52be361f4577a72457585519c69c)
2026-08-12T01:04:25,APPLY_APPROVED,DB_264MN032706A01_A_20260811_232337,159,264MN025506A01,A,@DB/264MN025506A01/A,Hazardous,hazardous,WAEItem,WAE_Hazardous,String,,,N,YES,AQIL,CHECKOUT_FAILED,CHECKED_OUT,NONE,FAILED,True,True,NO,,,,NOT_ATTEMPTED,,,Target is checked out but remains read-only. Checkout user: ahmad suhair (201b52be361f4577a72457585519c69c)
2026-08-12T01:04:25,APPLY_APPROVED,DB_264MN032706A01_A_20260811_232337,160,264MN025546A01,A,@DB/264MN025546A01/A,WAE_VERSION,wae_version,WAEItem,WAE_VERSION,String,,,2,YES,AQIL,BATCH_ABORTED_CHECKOUT,CHECKED_OUT,NONE,ALREADY_CHECKED_OUT,False,False,NO,,,,NOT_ATTEMPTED,,,Another target failed checkout; no attributes were changed. This target remains checked out.
2026-08-12T01:04:25,APPLY_APPROVED,DB_264MN032706A01_A_20260811_232337,160,264MN025546A01,A,@DB/264MN025546A01/A,Temperature_Sensitive,temperature_sensitive,WAEItem,Temperature_Sensitive,String,TBC,TBC,N,YES,AQIL,BATCH_ABORTED_CHECKOUT,CHECKED_OUT,NONE,ALREADY_CHECKED_OUT,False,False,NO,,,,NOT_ATTEMPTED,,,Another target failed checkout; no attributes were changed. This target remains checked out.
2026-08-12T01:04:25,APPLY_APPROVED,DB_264MN032706A01_A_20260811_232337,160,264MN025546A01,A,@DB/264MN025546A01/A,Hazardous,hazardous,WAEItem,WAE_Hazardous,String,,,N,YES,AQIL,BATCH_ABORTED_CHECKOUT,CHECKED_OUT,NONE,ALREADY_CHECKED_OUT,False,False,NO,,,,NOT_ATTEMPTED,,,Another target failed checkout; no attributes were changed. This target remains checked out.
2026-08-12T01:04:25,APPLY_APPROVED,DB_264MN032706A01_A_20260811_232337,161,264MN025507A01,A,@DB/264MN025507A01/A,WAE_VERSION,wae_version,WAEItem,WAE_VERSION,String,,,2,YES,AQIL,BATCH_ABORTED_CHECKOUT,CHECKED_OUT,NONE,ALREADY_CHECKED_OUT,False,False,NO,,,,NOT_ATTEMPTED,,,Another target failed checkout; no attributes were changed. This target remains checked out.
2026-08-12T01:04:25,APPLY_APPROVED,DB_264MN032706A01_A_20260811_232337,161,264MN025507A01,A,@DB/264MN025507A01/A,NX_FINISH,finish,WAEItem,NX_FINISH,String,TBC,TBC,N/A,YES,AQIL,BATCH_ABORTED_CHECKOUT,CHECKED_OUT,NONE,ALREADY_CHECKED_OUT,False,False,NO,,,,NOT_ATTEMPTED,,,Another target failed checkout; no attributes were changed. This target remains checked out.
2026-08-12T01:04:25,APPLY_APPROVED,DB_264MN032706A01_A_20260811_232337,161,264MN025507A01,A,@DB/264MN025507A01/A,Temperature_Sensitive,temperature_sensitive,WAEItem,Temperature_Sensitive,String,TBC,TBC,N,YES,AQIL,BATCH_ABORTED_CHECKOUT,CHECKED_OUT,NONE,ALREADY_CHECKED_OUT,False,False,NO,,,,NOT_ATTEMPTED,,,Another target failed checkout; no attributes were changed. This target remains checked out.
2026-08-12T01:04:25,APPLY_APPROVED,DB_264MN032706A01_A_20260811_232337,161,264MN025507A01,A,@DB/264MN025507A01/A,Hazardous,hazardous,WAEItem,WAE_Hazardous,String,,,N,YES,AQIL,BATCH_ABORTED_CHECKOUT,CHECKED_OUT,NONE,ALREADY_CHECKED_OUT,False,False,NO,,,,NOT_ATTEMPTED,,,Another target failed checkout; no attributes were changed. This target remains checked out.
2026-08-12T01:04:25,APPLY_APPROVED,DB_264MN032706A01_A_20260811_232337,162,264MN025534A01,A,@DB/264MN025534A01/A,WAE_VERSION,wae_version,WAEItem,WAE_VERSION,String,,,1,YES,AQIL,CHECKOUT_FAILED,CHECKED_OUT,NONE,FAILED,True,True,NO,,,,NOT_ATTEMPTED,,,Target is checked out but remains read-only. Checkout user: danial aiman (2dcf952ea3164c298d5cfa65ae36550e)
2026-08-12T01:04:25,APPLY_APPROVED,DB_264MN032706A01_A_20260811_232337,162,264MN025534A01,A,@DB/264MN025534A01/A,NX_FINISH,finish,WAEItem,NX_FINISH,String,,,N/A,YES,AQIL,CHECKOUT_FAILED,CHECKED_OUT,NONE,FAILED,True,True,NO,,,,NOT_ATTEMPTED,,,Target is checked out but remains read-only. Checkout user: danial aiman (2dcf952ea3164c298d5cfa65ae36550e)
2026-08-12T01:04:25,APPLY_APPROVED,DB_264MN032706A01_A_20260811_232337,162,264MN025534A01,A,@DB/264MN025534A01/A,COMPONENT_CLASS,component_class,WAEItem,COMPONENT_CLASS,String,TBC,TBC,NONE,YES,AQIL,CHECKOUT_FAILED,CHECKED_OUT,NONE,FAILED,True,True,NO,,,,NOT_ATTEMPTED,,,Target is checked out but remains read-only. Checkout user: danial aiman (2dcf952ea3164c298d5cfa65ae36550e)
2026-08-12T01:04:25,APPLY_APPROVED,DB_264MN032706A01_A_20260811_232337,162,264MN025534A01,A,@DB/264MN025534A01/A,LIFED,shelf_life_limited,WAEItem,LIFED,String,TBC,TBC,N,YES,AQIL,CHECKOUT_FAILED,CHECKED_OUT,NONE,FAILED,True,True,NO,,,,NOT_ATTEMPTED,,,Target is checked out but remains read-only. Checkout user: danial aiman (2dcf952ea3164c298d5cfa65ae36550e)
2026-08-12T01:04:25,APPLY_APPROVED,DB_264MN032706A01_A_20260811_232337,162,264MN025534A01,A,@DB/264MN025534A01/A,Temperature_Sensitive,temperature_sensitive,WAEItem,Temperature_Sensitive,String,TBC,TBC,N,YES,AQIL,CHECKOUT_FAILED,CHECKED_OUT,NONE,FAILED,True,True,NO,,,,NOT_ATTEMPTED,,,Target is checked out but remains read-only. Checkout user: danial aiman (2dcf952ea3164c298d5cfa65ae36550e)
2026-08-12T01:04:25,APPLY_APPROVED,DB_264MN032706A01_A_20260811_232337,162,264MN025534A01,A,@DB/264MN025534A01/A,Hazardous,hazardous,WAEItem,WAE_Hazardous,String,,,N,YES,AQIL,CHECKOUT_FAILED,CHECKED_OUT,NONE,FAILED,True,True,NO,,,,NOT_ATTEMPTED,,,Target is checked out but remains read-only. Checkout user: danial aiman (2dcf952ea3164c298d5cfa65ae36550e)
2026-08-12T01:04:25,APPLY_APPROVED,DB_264MN032706A01_A_20260811_232337,163,264MN026248A01,A,@DB/264MN026248A01/A,WAE_VERSION,wae_version,WAEItem,WAE_VERSION,String,,,2,YES,AQIL,CHECKOUT_FAILED,CHECKED_OUT,NONE,FAILED,True,True,NO,,,,NOT_ATTEMPTED,,,Target is checked out but remains read-only. Checkout user: danial aiman (2dcf952ea3164c298d5cfa65ae36550e)
2026-08-12T01:04:25,APPLY_APPROVED,DB_264MN032706A01_A_20260811_232337,163,264MN026248A01,A,@DB/264MN026248A01/A,NX_FINISH,finish,WAEItem,NX_FINISH,String,TBC,TBC,N/A,YES,AQIL,CHECKOUT_FAILED,CHECKED_OUT,NONE,FAILED,True,True,NO,,,,NOT_ATTEMPTED,,,Target is checked out but remains read-only. Checkout user: danial aiman (2dcf952ea3164c298d5cfa65ae36550e)
2026-08-12T01:04:25,APPLY_APPROVED,DB_264MN032706A01_A_20260811_232337,163,264MN026248A01,A,@DB/264MN026248A01/A,LIFED,shelf_life_limited,WAEItem,LIFED,String,TBC,TBC,N,YES,AQIL,CHECKOUT_FAILED,CHECKED_OUT,NONE,FAILED,True,True,NO,,,,NOT_ATTEMPTED,,,Target is checked out but remains read-only. Checkout user: danial aiman (2dcf952ea3164c298d5cfa65ae36550e)
2026-08-12T01:04:25,APPLY_APPROVED,DB_264MN032706A01_A_20260811_232337,163,264MN026248A01,A,@DB/264MN026248A01/A,Hazardous,hazardous,WAEItem,WAE_Hazardous,String,,,N,YES,AQIL,CHECKOUT_FAILED,CHECKED_OUT,NONE,FAILED,True,True,NO,,,,NOT_ATTEMPTED,,,Target is checked out but remains read-only. Checkout user: danial aiman (2dcf952ea3164c298d5cfa65ae36550e)
2026-08-12T01:04:25,APPLY_APPROVED,DB_264MN032706A01_A_20260811_232337,164,264MN021280A01,A,@DB/264MN021280A01/A,WAE_VERSION,wae_version,WAEItem,WAE_VERSION,String,,,2,YES,AQIL,BATCH_ABORTED_CHECKOUT,CHECKED_OUT,NONE,ALREADY_CHECKED_OUT,False,False,NO,,,,NOT_ATTEMPTED,,,Another target failed checkout; no attributes were changed. This target remains checked out.
2026-08-12T01:04:25,APPLY_APPROVED,DB_264MN032706A01_A_20260811_232337,164,264MN021280A01,A,@DB/264MN021280A01/A,COMPONENT_CLASS,component_class,WAEItem,COMPONENT_CLASS,String,C,C,A,YES,AQIL,BATCH_ABORTED_CHECKOUT,CHECKED_OUT,NONE,ALREADY_CHECKED_OUT,False,False,NO,,,,NOT_ATTEMPTED,,,Another target failed checkout; no attributes were changed. This target remains checked out.
2026-08-12T01:04:25,APPLY_APPROVED,DB_264MN032706A01_A_20260811_232337,164,264MN021280A01,A,@DB/264MN021280A01/A,Temperature_Sensitive,temperature_sensitive,WAEItem,Temperature_Sensitive,String,TBC,TBC,N,YES,AQIL,BATCH_ABORTED_CHECKOUT,CHECKED_OUT,NONE,ALREADY_CHECKED_OUT,False,False,NO,,,,NOT_ATTEMPTED,,,Another target failed checkout; no attributes were changed. This target remains checked out.
2026-08-12T01:04:25,APPLY_APPROVED,DB_264MN032706A01_A_20260811_232337,164,264MN021280A01,A,@DB/264MN021280A01/A,Hazardous,hazardous,WAEItem,WAE_Hazardous,String,,,N,YES,AQIL,BATCH_ABORTED_CHECKOUT,CHECKED_OUT,NONE,ALREADY_CHECKED_OUT,False,False,NO,,,,NOT_ATTEMPTED,,,Another target failed checkout; no attributes were changed. This target remains checked out.
2026-08-12T01:04:25,APPLY_APPROVED,DB_264MN032706A01_A_20260811_232337,165,264MN021602A01,A,@DB/264MN021602A01/A,WAE_VERSION,wae_version,WAEItem,WAE_VERSION,String,,,2,YES,AQIL,BATCH_ABORTED_CHECKOUT,CHECKED_OUT,NONE,ALREADY_CHECKED_OUT,False,False,NO,,,,NOT_ATTEMPTED,,,Another target failed checkout; no attributes were changed. This target remains checked out.
2026-08-12T01:04:25,APPLY_APPROVED,DB_264MN032706A01_A_20260811_232337,165,264MN021602A01,A,@DB/264MN021602A01/A,LIFED,shelf_life_limited,WAEItem,LIFED,String,TBC,TBC,N,YES,AQIL,BATCH_ABORTED_CHECKOUT,CHECKED_OUT,NONE,ALREADY_CHECKED_OUT,False,False,NO,,,,NOT_ATTEMPTED,,,Another target failed checkout; no attributes were changed. This target remains checked out.
2026-08-12T01:04:25,APPLY_APPROVED,DB_264MN032706A01_A_20260811_232337,165,264MN021602A01,A,@DB/264MN021602A01/A,Temperature_Sensitive,temperature_sensitive,WAEItem,Temperature_Sensitive,String,TBC,TBC,N,YES,AQIL,BATCH_ABORTED_CHECKOUT,CHECKED_OUT,NONE,ALREADY_CHECKED_OUT,False,False,NO,,,,NOT_ATTEMPTED,,,Another target failed checkout; no attributes were changed. This target remains checked out.
2026-08-12T01:04:25,APPLY_APPROVED,DB_264MN032706A01_A_20260811_232337,165,264MN021602A01,A,@DB/264MN021602A01/A,Hazardous,hazardous,WAEItem,WAE_Hazardous,String,,,N,YES,AQIL,BATCH_ABORTED_CHECKOUT,CHECKED_OUT,NONE,ALREADY_CHECKED_OUT,False,False,NO,,,,NOT_ATTEMPTED,,,Another target failed checkout; no attributes were changed. This target remains checked out.
2026-08-12T01:04:25,APPLY_APPROVED,DB_264MN032706A01_A_20260811_232337,166,264MN021356A01,A,@DB/264MN021356A01/A,WAE_VERSION,wae_version,WAEItem,WAE_VERSION,String,,,2,YES,AQIL,BATCH_ABORTED_CHECKOUT,CHECKED_OUT,NONE,ALREADY_CHECKED_OUT,False,False,NO,,,,NOT_ATTEMPTED,,,Another target failed checkout; no attributes were changed. This target remains checked out.
2026-08-12T01:04:25,APPLY_APPROVED,DB_264MN032706A01_A_20260811_232337,166,264MN021356A01,A,@DB/264MN021356A01/A,Temperature_Sensitive,temperature_sensitive,WAEItem,Temperature_Sensitive,String,TBC,TBC,N,YES,AQIL,BATCH_ABORTED_CHECKOUT,CHECKED_OUT,NONE,ALREADY_CHECKED_OUT,False,False,NO,,,,NOT_ATTEMPTED,,,Another target failed checkout; no attributes were changed. This target remains checked out.
2026-08-12T01:04:25,APPLY_APPROVED,DB_264MN032706A01_A_20260811_232337,166,264MN021356A01,A,@DB/264MN021356A01/A,Hazardous,hazardous,WAEItem,WAE_Hazardous,String,,,N,YES,AQIL,BATCH_ABORTED_CHECKOUT,CHECKED_OUT,NONE,ALREADY_CHECKED_OUT,False,False,NO,,,,NOT_ATTEMPTED,,,Another target failed checkout; no attributes were changed. This target remains checked out.
2026-08-12T01:04:25,APPLY_APPROVED,DB_264MN032706A01_A_20260811_232337,167,264MN021357A01,A,@DB/264MN021357A01/A,WAE_VERSION,wae_version,WAEItem,WAE_VERSION,String,,,2,YES,AQIL,BATCH_ABORTED_CHECKOUT,CHECKED_OUT,NONE,ALREADY_CHECKED_OUT,False,False,NO,,,,NOT_ATTEMPTED,,,Another target failed checkout; no attributes were changed. This target remains checked out.
2026-08-12T01:04:25,APPLY_APPROVED,DB_264MN032706A01_A_20260811_232337,167,264MN021357A01,A,@DB/264MN021357A01/A,LIFED,shelf_life_limited,WAEItem,LIFED,String,TBC,TBC,N,YES,AQIL,BATCH_ABORTED_CHECKOUT,CHECKED_OUT,NONE,ALREADY_CHECKED_OUT,False,False,NO,,,,NOT_ATTEMPTED,,,Another target failed checkout; no attributes were changed. This target remains checked out.
2026-08-12T01:04:25,APPLY_APPROVED,DB_264MN032706A01_A_20260811_232337,167,264MN021357A01,A,@DB/264MN021357A01/A,Temperature_Sensitive,temperature_sensitive,WAEItem,Temperature_Sensitive,String,TBC,TBC,N,YES,AQIL,BATCH_ABORTED_CHECKOUT,CHECKED_OUT,NONE,ALREADY_CHECKED_OUT,False,False,NO,,,,NOT_ATTEMPTED,,,Another target failed checkout; no attributes were changed. This target remains checked out.
2026-08-12T01:04:25,APPLY_APPROVED,DB_264MN032706A01_A_20260811_232337,167,264MN021357A01,A,@DB/264MN021357A01/A,Hazardous,hazardous,WAEItem,WAE_Hazardous,String,,,N,YES,AQIL,BATCH_ABORTED_CHECKOUT,CHECKED_OUT,NONE,ALREADY_CHECKED_OUT,False,False,NO,,,,NOT_ATTEMPTED,,,Another target failed checkout; no attributes were changed. This target remains checked out.
2026-08-12T01:04:25,APPLY_APPROVED,DB_264MN032706A01_A_20260811_232337,168,264MN021478A01,A,@DB/264MN021478A01/A,WAE_VERSION,wae_version,WAEItem,WAE_VERSION,String,,,2,YES,AQIL,BATCH_ABORTED_CHECKOUT,CHECKED_OUT,NONE,ALREADY_CHECKED_OUT,False,False,NO,,,,NOT_ATTEMPTED,,,Another target failed checkout; no attributes were changed. This target remains checked out.
2026-08-12T01:04:25,APPLY_APPROVED,DB_264MN032706A01_A_20260811_232337,168,264MN021478A01,A,@DB/264MN021478A01/A,COMPONENT_CLASS,component_class,WAEItem,COMPONENT_CLASS,String,C,C,A,YES,AQIL,BATCH_ABORTED_CHECKOUT,CHECKED_OUT,NONE,ALREADY_CHECKED_OUT,False,False,NO,,,,NOT_ATTEMPTED,,,Another target failed checkout; no attributes were changed. This target remains checked out.
2026-08-12T01:04:25,APPLY_APPROVED,DB_264MN032706A01_A_20260811_232337,168,264MN021478A01,A,@DB/264MN021478A01/A,Temperature_Sensitive,temperature_sensitive,WAEItem,Temperature_Sensitive,String,TBC,TBC,N,YES,AQIL,BATCH_ABORTED_CHECKOUT,CHECKED_OUT,NONE,ALREADY_CHECKED_OUT,False,False,NO,,,,NOT_ATTEMPTED,,,Another target failed checkout; no attributes were changed. This target remains checked out.
2026-08-12T01:04:25,APPLY_APPROVED,DB_264MN032706A01_A_20260811_232337,168,264MN021478A01,A,@DB/264MN021478A01/A,Hazardous,hazardous,WAEItem,WAE_Hazardous,String,,,N,YES,AQIL,BATCH_ABORTED_CHECKOUT,CHECKED_OUT,NONE,ALREADY_CHECKED_OUT,False,False,NO,,,,NOT_ATTEMPTED,,,Another target failed checkout; no attributes were changed. This target remains checked out.
2026-08-12T01:04:25,APPLY_APPROVED,DB_264MN032706A01_A_20260811_232337,169,264MN025323A01,A,@DB/264MN025323A01/A,WAE_VERSION,wae_version,WAEItem,WAE_VERSION,String,,,2,YES,AQIL,BATCH_ABORTED_CHECKOUT,CHECKED_OUT,NONE,ALREADY_CHECKED_OUT,False,False,NO,,,,NOT_ATTEMPTED,,,Another target failed checkout; no attributes were changed. This target remains checked out.
2026-08-12T01:04:25,APPLY_APPROVED,DB_264MN032706A01_A_20260811_232337,169,264MN025323A01,A,@DB/264MN025323A01/A,NX_FINISH,finish,WAEItem,NX_FINISH,String,TBC,TBC,N/A,YES,AQIL,BATCH_ABORTED_CHECKOUT,CHECKED_OUT,NONE,ALREADY_CHECKED_OUT,False,False,NO,,,,NOT_ATTEMPTED,,,Another target failed checkout; no attributes were changed. This target remains checked out.
2026-08-12T01:04:25,APPLY_APPROVED,DB_264MN032706A01_A_20260811_232337,169,264MN025323A01,A,@DB/264MN025323A01/A,Temperature_Sensitive,temperature_sensitive,WAEItem,Temperature_Sensitive,String,TBC,TBC,N,YES,AQIL,BATCH_ABORTED_CHECKOUT,CHECKED_OUT,NONE,ALREADY_CHECKED_OUT,False,False,NO,,,,NOT_ATTEMPTED,,,Another target failed checkout; no attributes were changed. This target remains checked out.
2026-08-12T01:04:25,APPLY_APPROVED,DB_264MN032706A01_A_20260811_232337,169,264MN025323A01,A,@DB/264MN025323A01/A,Hazardous,hazardous,WAEItem,WAE_Hazardous,String,,,N,YES,AQIL,BATCH_ABORTED_CHECKOUT,CHECKED_OUT,NONE,ALREADY_CHECKED_OUT,False,False,NO,,,,NOT_ATTEMPTED,,,Another target failed checkout; no attributes were changed. This target remains checked out.
2026-08-12T01:04:25,APPLY_APPROVED,DB_264MN032706A01_A_20260811_232337,170,264MN021361A01,A,@DB/264MN021361A01/A,WAE_VERSION,wae_version,WAEItem,WAE_VERSION,String,,,2,YES,AQIL,BATCH_ABORTED_CHECKOUT,CHECKED_OUT,NONE,ALREADY_CHECKED_OUT,False,False,NO,,,,NOT_ATTEMPTED,,,Another target failed checkout; no attributes were changed. This target remains checked out.
2026-08-12T01:04:25,APPLY_APPROVED,DB_264MN032706A01_A_20260811_232337,170,264MN021361A01,A,@DB/264MN021361A01/A,Temperature_Sensitive,temperature_sensitive,WAEItem,Temperature_Sensitive,String,TBC,TBC,N,YES,AQIL,BATCH_ABORTED_CHECKOUT,CHECKED_OUT,NONE,ALREADY_CHECKED_OUT,False,False,NO,,,,NOT_ATTEMPTED,,,Another target failed checkout; no attributes were changed. This target remains checked out.
2026-08-12T01:04:25,APPLY_APPROVED,DB_264MN032706A01_A_20260811_232337,170,264MN021361A01,A,@DB/264MN021361A01/A,Hazardous,hazardous,WAEItem,WAE_Hazardous,String,,,N,YES,AQIL,BATCH_ABORTED_CHECKOUT,CHECKED_OUT,NONE,ALREADY_CHECKED_OUT,False,False,NO,,,,NOT_ATTEMPTED,,,Another target failed checkout; no attributes were changed. This target remains checked out.
2026-08-12T01:04:25,APPLY_APPROVED,DB_264MN032706A01_A_20260811_232337,171,264MN021292A01,A,@DB/264MN021292A01/A,WAE_VERSION,wae_version,WAEItem,WAE_VERSION,String,,,2,YES,AQIL,BATCH_ABORTED_CHECKOUT,CHECKED_OUT,NONE,ALREADY_CHECKED_OUT,False,False,NO,,,,NOT_ATTEMPTED,,,Another target failed checkout; no attributes were changed. This target remains checked out.
2026-08-12T01:04:25,APPLY_APPROVED,DB_264MN032706A01_A_20260811_232337,171,264MN021292A01,A,@DB/264MN021292A01/A,NX_FINISH,finish,WAEItem,NX_FINISH,String,,,N/A,YES,AQIL,BATCH_ABORTED_CHECKOUT,CHECKED_OUT,NONE,ALREADY_CHECKED_OUT,False,False,NO,,,,NOT_ATTEMPTED,,,Another target failed checkout; no attributes were changed. This target remains checked out.
2026-08-12T01:04:25,APPLY_APPROVED,DB_264MN032706A01_A_20260811_232337,171,264MN021292A01,A,@DB/264MN021292A01/A,Temperature_Sensitive,temperature_sensitive,WAEItem,Temperature_Sensitive,String,TBC,TBC,N,YES,AQIL,BATCH_ABORTED_CHECKOUT,CHECKED_OUT,NONE,ALREADY_CHECKED_OUT,False,False,NO,,,,NOT_ATTEMPTED,,,Another target failed checkout; no attributes were changed. This target remains checked out.
2026-08-12T01:04:25,APPLY_APPROVED,DB_264MN032706A01_A_20260811_232337,171,264MN021292A01,A,@DB/264MN021292A01/A,Hazardous,hazardous,WAEItem,WAE_Hazardous,String,,,N,YES,AQIL,BATCH_ABORTED_CHECKOUT,CHECKED_OUT,NONE,ALREADY_CHECKED_OUT,False,False,NO,,,,NOT_ATTEMPTED,,,Another target failed checkout; no attributes were changed. This target remains checked out.
2026-08-12T01:04:25,APPLY_APPROVED,DB_264MN032706A01_A_20260811_232337,172,264MN021286A01,A,@DB/264MN021286A01/A,WAE_VERSION,wae_version,WAEItem,WAE_VERSION,String,,,2,YES,AQIL,BATCH_ABORTED_CHECKOUT,CHECKED_OUT,NONE,ALREADY_CHECKED_OUT,False,False,NO,,,,NOT_ATTEMPTED,,,Another target failed checkout; no attributes were changed. This target remains checked out.
2026-08-12T01:04:25,APPLY_APPROVED,DB_264MN032706A01_A_20260811_232337,172,264MN021286A01,A,@DB/264MN021286A01/A,NX_FINISH,finish,WAEItem,NX_FINISH,String,TBC,TBC,N/A,YES,AQIL,BATCH_ABORTED_CHECKOUT,CHECKED_OUT,NONE,ALREADY_CHECKED_OUT,False,False,NO,,,,NOT_ATTEMPTED,,,Another target failed checkout; no attributes were changed. This target remains checked out.
2026-08-12T01:04:25,APPLY_APPROVED,DB_264MN032706A01_A_20260811_232337,172,264MN021286A01,A,@DB/264MN021286A01/A,Temperature_Sensitive,temperature_sensitive,WAEItem,Temperature_Sensitive,String,TBC,TBC,N,YES,AQIL,BATCH_ABORTED_CHECKOUT,CHECKED_OUT,NONE,ALREADY_CHECKED_OUT,False,False,NO,,,,NOT_ATTEMPTED,,,Another target failed checkout; no attributes were changed. This target remains checked out.
2026-08-12T01:04:25,APPLY_APPROVED,DB_264MN032706A01_A_20260811_232337,172,264MN021286A01,A,@DB/264MN021286A01/A,Hazardous,hazardous,WAEItem,WAE_Hazardous,String,,,N,YES,AQIL,BATCH_ABORTED_CHECKOUT,CHECKED_OUT,NONE,ALREADY_CHECKED_OUT,False,False,NO,,,,NOT_ATTEMPTED,,,Another target failed checkout; no attributes were changed. This target remains checked out.
2026-08-12T01:04:25,APPLY_APPROVED,DB_264MN032706A01_A_20260811_232337,173,264MN021254A01,A,@DB/264MN021254A01/A,WAE_VERSION,wae_version,WAEItem,WAE_VERSION,String,,,2,YES,AQIL,BATCH_ABORTED_CHECKOUT,CHECKED_OUT,NONE,ALREADY_CHECKED_OUT,False,False,NO,,,,NOT_ATTEMPTED,,,Another target failed checkout; no attributes were changed. This target remains checked out.
2026-08-12T01:04:25,APPLY_APPROVED,DB_264MN032706A01_A_20260811_232337,173,264MN021254A01,A,@DB/264MN021254A01/A,NX_FINISH,finish,WAEItem,NX_FINISH,String,,,N/A,YES,AQIL,BATCH_ABORTED_CHECKOUT,CHECKED_OUT,NONE,ALREADY_CHECKED_OUT,False,False,NO,,,,NOT_ATTEMPTED,,,Another target failed checkout; no attributes were changed. This target remains checked out.
2026-08-12T01:04:25,APPLY_APPROVED,DB_264MN032706A01_A_20260811_232337,173,264MN021254A01,A,@DB/264MN021254A01/A,Hazardous,hazardous,WAEItem,WAE_Hazardous,String,,,N,YES,AQIL,BATCH_ABORTED_CHECKOUT,CHECKED_OUT,NONE,ALREADY_CHECKED_OUT,False,False,NO,,,,NOT_ATTEMPTED,,,Another target failed checkout; no attributes were changed. This target remains checked out.
2026-08-12T01:04:25,APPLY_APPROVED,DB_264MN032706A01_A_20260811_232337,174,264MN026154A01,A,@DB/264MN026154A01/A,WAE_VERSION,wae_version,WAEItem,WAE_VERSION,String,,,2,YES,AQIL,CHECKOUT_FAILED,CHECKED_OUT,NONE,FAILED,True,True,NO,,,,NOT_ATTEMPTED,,,Target is checked out but remains read-only. Checkout user: danial aiman (2dcf952ea3164c298d5cfa65ae36550e)
2026-08-12T01:04:25,APPLY_APPROVED,DB_264MN032706A01_A_20260811_232337,174,264MN026154A01,A,@DB/264MN026154A01/A,LIFED,shelf_life_limited,WAEItem,LIFED,String,TBC,TBC,N,YES,AQIL,CHECKOUT_FAILED,CHECKED_OUT,NONE,FAILED,True,True,NO,,,,NOT_ATTEMPTED,,,Target is checked out but remains read-only. Checkout user: danial aiman (2dcf952ea3164c298d5cfa65ae36550e)
2026-08-12T01:04:25,APPLY_APPROVED,DB_264MN032706A01_A_20260811_232337,174,264MN026154A01,A,@DB/264MN026154A01/A,Hazardous,hazardous,WAEItem,WAE_Hazardous,String,,,N,YES,AQIL,CHECKOUT_FAILED,CHECKED_OUT,NONE,FAILED,True,True,NO,,,,NOT_ATTEMPTED,,,Target is checked out but remains read-only. Checkout user: danial aiman (2dcf952ea3164c298d5cfa65ae36550e)
2026-08-12T01:04:25,APPLY_APPROVED,DB_264MN032706A01_A_20260811_232337,175,264MN026288A01,A,@DB/264MN026288A01/A,WAE_VERSION,wae_version,WAEItem,WAE_VERSION,String,,,2,YES,AQIL,BATCH_ABORTED_CHECKOUT,CHECKED_OUT,NONE,ALREADY_CHECKED_OUT,False,False,NO,,,,NOT_ATTEMPTED,,,Another target failed checkout; no attributes were changed. This target remains checked out.
2026-08-12T01:04:25,APPLY_APPROVED,DB_264MN032706A01_A_20260811_232337,175,264MN026288A01,A,@DB/264MN026288A01/A,NX_FINISH,finish,WAEItem,NX_FINISH,String,TBC,TBC,N/A,YES,AQIL,BATCH_ABORTED_CHECKOUT,CHECKED_OUT,NONE,ALREADY_CHECKED_OUT,False,False,NO,,,,NOT_ATTEMPTED,,,Another target failed checkout; no attributes were changed. This target remains checked out.
2026-08-12T01:04:25,APPLY_APPROVED,DB_264MN032706A01_A_20260811_232337,175,264MN026288A01,A,@DB/264MN026288A01/A,LIFED,shelf_life_limited,WAEItem,LIFED,String,TBC,TBC,N,YES,AQIL,BATCH_ABORTED_CHECKOUT,CHECKED_OUT,NONE,ALREADY_CHECKED_OUT,False,False,NO,,,,NOT_ATTEMPTED,,,Another target failed checkout; no attributes were changed. This target remains checked out.
2026-08-12T01:04:25,APPLY_APPROVED,DB_264MN032706A01_A_20260811_232337,175,264MN026288A01,A,@DB/264MN026288A01/A,Temperature_Sensitive,temperature_sensitive,WAEItem,Temperature_Sensitive,String,TBC,TBC,N,YES,AQIL,BATCH_ABORTED_CHECKOUT,CHECKED_OUT,NONE,ALREADY_CHECKED_OUT,False,False,NO,,,,NOT_ATTEMPTED,,,Another target failed checkout; no attributes were changed. This target remains checked out.
2026-08-12T01:04:25,APPLY_APPROVED,DB_264MN032706A01_A_20260811_232337,175,264MN026288A01,A,@DB/264MN026288A01/A,Hazardous,hazardous,WAEItem,WAE_Hazardous,String,,,N,YES,AQIL,BATCH_ABORTED_CHECKOUT,CHECKED_OUT,NONE,ALREADY_CHECKED_OUT,False,False,NO,,,,NOT_ATTEMPTED,,,Another target failed checkout; no attributes were changed. This target remains checked out.
2026-08-12T01:04:25,APPLY_APPROVED,DB_264MN032706A01_A_20260811_232337,176,264MN026208A01,A,@DB/264MN026208A01/A,WAE_VERSION,wae_version,WAEItem,WAE_VERSION,String,,,2,YES,AQIL,BATCH_ABORTED_CHECKOUT,CHECKED_OUT,NONE,ALREADY_CHECKED_OUT,False,False,NO,,,,NOT_ATTEMPTED,,,Another target failed checkout; no attributes were changed. This target remains checked out.
2026-08-12T01:04:25,APPLY_APPROVED,DB_264MN032706A01_A_20260811_232337,176,264MN026208A01,A,@DB/264MN026208A01/A,NX_FINISH,finish,WAEItem,NX_FINISH,String,TBC,TBC,N/A,YES,AQIL,BATCH_ABORTED_CHECKOUT,CHECKED_OUT,NONE,ALREADY_CHECKED_OUT,False,False,NO,,,,NOT_ATTEMPTED,,,Another target failed checkout; no attributes were changed. This target remains checked out.
2026-08-12T01:04:25,APPLY_APPROVED,DB_264MN032706A01_A_20260811_232337,176,264MN026208A01,A,@DB/264MN026208A01/A,Temperature_Sensitive,temperature_sensitive,WAEItem,Temperature_Sensitive,String,TBC,TBC,N,YES,AQIL,BATCH_ABORTED_CHECKOUT,CHECKED_OUT,NONE,ALREADY_CHECKED_OUT,False,False,NO,,,,NOT_ATTEMPTED,,,Another target failed checkout; no attributes were changed. This target remains checked out.
2026-08-12T01:04:25,APPLY_APPROVED,DB_264MN032706A01_A_20260811_232337,176,264MN026208A01,A,@DB/264MN026208A01/A,Hazardous,hazardous,WAEItem,WAE_Hazardous,String,,,N,YES,AQIL,BATCH_ABORTED_CHECKOUT,CHECKED_OUT,NONE,ALREADY_CHECKED_OUT,False,False,NO,,,,NOT_ATTEMPTED,,,Another target failed checkout; no attributes were changed. This target remains checked out.
2026-08-12T01:04:25,APPLY_APPROVED,DB_264MN032706A01_A_20260811_232337,177,264MN026207A01,A,@DB/264MN026207A01/A,WAE_VERSION,wae_version,WAEItem,WAE_VERSION,String,,,2,YES,AQIL,BATCH_ABORTED_CHECKOUT,CHECKED_OUT,NONE,ALREADY_CHECKED_OUT,False,False,NO,,,,NOT_ATTEMPTED,,,Another target failed checkout; no attributes were changed. This target remains checked out.
2026-08-12T01:04:25,APPLY_APPROVED,DB_264MN032706A01_A_20260811_232337,177,264MN026207A01,A,@DB/264MN026207A01/A,NX_FINISH,finish,WAEItem,NX_FINISH,String,TBC,TBC,N/A,YES,AQIL,BATCH_ABORTED_CHECKOUT,CHECKED_OUT,NONE,ALREADY_CHECKED_OUT,False,False,NO,,,,NOT_ATTEMPTED,,,Another target failed checkout; no attributes were changed. This target remains checked out.
2026-08-12T01:04:25,APPLY_APPROVED,DB_264MN032706A01_A_20260811_232337,177,264MN026207A01,A,@DB/264MN026207A01/A,Temperature_Sensitive,temperature_sensitive,WAEItem,Temperature_Sensitive,String,TBC,TBC,N,YES,AQIL,BATCH_ABORTED_CHECKOUT,CHECKED_OUT,NONE,ALREADY_CHECKED_OUT,False,False,NO,,,,NOT_ATTEMPTED,,,Another target failed checkout; no attributes were changed. This target remains checked out.
2026-08-12T01:04:25,APPLY_APPROVED,DB_264MN032706A01_A_20260811_232337,177,264MN026207A01,A,@DB/264MN026207A01/A,Hazardous,hazardous,WAEItem,WAE_Hazardous,String,,,N,YES,AQIL,BATCH_ABORTED_CHECKOUT,CHECKED_OUT,NONE,ALREADY_CHECKED_OUT,False,False,NO,,,,NOT_ATTEMPTED,,,Another target failed checkout; no attributes were changed. This target remains checked out.
2026-08-12T01:04:25,APPLY_APPROVED,DB_264MN032706A01_A_20260811_232337,178,264MN026202A01,A,@DB/264MN026202A01/A,WAE_VERSION,wae_version,WAEItem,WAE_VERSION,String,,,2,YES,AQIL,BATCH_ABORTED_CHECKOUT,CHECKED_OUT,NONE,ALREADY_CHECKED_OUT,False,False,NO,,,,NOT_ATTEMPTED,,,Another target failed checkout; no attributes were changed. This target remains checked out.
2026-08-12T01:04:25,APPLY_APPROVED,DB_264MN032706A01_A_20260811_232337,178,264MN026202A01,A,@DB/264MN026202A01/A,NX_FINISH,finish,WAEItem,NX_FINISH,String,TBC,TBC,N/A,YES,AQIL,BATCH_ABORTED_CHECKOUT,CHECKED_OUT,NONE,ALREADY_CHECKED_OUT,False,False,NO,,,,NOT_ATTEMPTED,,,Another target failed checkout; no attributes were changed. This target remains checked out.
2026-08-12T01:04:25,APPLY_APPROVED,DB_264MN032706A01_A_20260811_232337,178,264MN026202A01,A,@DB/264MN026202A01/A,Temperature_Sensitive,temperature_sensitive,WAEItem,Temperature_Sensitive,String,TBC,TBC,N,YES,AQIL,BATCH_ABORTED_CHECKOUT,CHECKED_OUT,NONE,ALREADY_CHECKED_OUT,False,False,NO,,,,NOT_ATTEMPTED,,,Another target failed checkout; no attributes were changed. This target remains checked out.
2026-08-12T01:04:25,APPLY_APPROVED,DB_264MN032706A01_A_20260811_232337,178,264MN026202A01,A,@DB/264MN026202A01/A,Hazardous,hazardous,WAEItem,WAE_Hazardous,String,,,N,YES,AQIL,BATCH_ABORTED_CHECKOUT,CHECKED_OUT,NONE,ALREADY_CHECKED_OUT,False,False,NO,,,,NOT_ATTEMPTED,,,Another target failed checkout; no attributes were changed. This target remains checked out.
2026-08-12T01:04:25,APPLY_APPROVED,DB_264MN032706A01_A_20260811_232337,179,264MN026206A01,A,@DB/264MN026206A01/A,WAE_VERSION,wae_version,WAEItem,WAE_VERSION,String,,,2,YES,AQIL,BATCH_ABORTED_CHECKOUT,CHECKED_OUT,NONE,ALREADY_CHECKED_OUT,False,False,NO,,,,NOT_ATTEMPTED,,,Another target failed checkout; no attributes were changed. This target remains checked out.
2026-08-12T01:04:25,APPLY_APPROVED,DB_264MN032706A01_A_20260811_232337,179,264MN026206A01,A,@DB/264MN026206A01/A,NX_FINISH,finish,WAEItem,NX_FINISH,String,TBC,TBC,N/A,YES,AQIL,BATCH_ABORTED_CHECKOUT,CHECKED_OUT,NONE,ALREADY_CHECKED_OUT,False,False,NO,,,,NOT_ATTEMPTED,,,Another target failed checkout; no attributes were changed. This target remains checked out.
2026-08-12T01:04:25,APPLY_APPROVED,DB_264MN032706A01_A_20260811_232337,179,264MN026206A01,A,@DB/264MN026206A01/A,Temperature_Sensitive,temperature_sensitive,WAEItem,Temperature_Sensitive,String,TBC,TBC,N,YES,AQIL,BATCH_ABORTED_CHECKOUT,CHECKED_OUT,NONE,ALREADY_CHECKED_OUT,False,False,NO,,,,NOT_ATTEMPTED,,,Another target failed checkout; no attributes were changed. This target remains checked out.
2026-08-12T01:04:25,APPLY_APPROVED,DB_264MN032706A01_A_20260811_232337,179,264MN026206A01,A,@DB/264MN026206A01/A,Hazardous,hazardous,WAEItem,WAE_Hazardous,String,,,N,YES,AQIL,BATCH_ABORTED_CHECKOUT,CHECKED_OUT,NONE,ALREADY_CHECKED_OUT,False,False,NO,,,,NOT_ATTEMPTED,,,Another target failed checkout; no attributes were changed. This target remains checked out.
